Timestamp,Participant ID,Facial Emotion,Facial Confidence,Speech Emotion,Speech Confidence
2025-05-13 16:28:18,& c:/Users/bmsadmin/Desktop/FER_SER_model/myenv/Scripts/python.exe c:/Users/bmsadmin/Desktop/FER_SER_model/FER_SER_v6.py,angry,35.737545998389,ang,0.0
2025-05-13 16:28:20,& c:/Users/bmsadmin/Desktop/FER_SER_model/myenv/Scripts/python.exe c:/Users/bmsadmin/Desktop/FER_SER_model/FER_SER_v6.py,angry,0.0,ang,0.0
2025-05-13 16:28:22,& c:/Users/bmsadmin/Desktop/FER_SER_model/myenv/Scripts/python.exe c:/Users/bmsadmin/Desktop/FER_SER_model/FER_SER_v6.py,angry,46.6043440463748,ang,0.9892906546592712
2025-05-13 16:28:23,& c:/Users/bmsadmin/Desktop/FER_SER_model/myenv/Scripts/python.exe c:/Users/bmsadmin/Desktop/FER_SER_model/FER_SER_v6.py,neutral,83.5740675672333,ang,0.0
2025-05-13 16:28:25,& c:/Users/bmsadmin/Desktop/FER_SER_model/myenv/Scripts/python.exe c:/Users/bmsadmin/Desktop/FER_SER_model/FER_SER_v6.py,sad,99.99964237213135,ang,0.9772992730140686
2025-05-13 16:28:26,& c:/Users/bmsadmin/Desktop/FER_SER_model/myenv/Scripts/python.exe c:/Users/bmsadmin/Desktop/FER_SER_model/FER_SER_v6.py,fear,0,ang,0.0
2025-05-13 16:28:28,& c:/Users/bmsadmin/Desktop/FER_SER_model/myenv/Scripts/python.exe c:/Users/bmsadmin/Desktop/FER_SER_model/FER_SER_v6.py,sad,0,ang,0.9779127836227417
2025-05-13 16:28:29,& c:/Users/bmsadmin/Desktop/FER_SER_model/myenv/Scripts/python.exe c:/Users/bmsadmin/Desktop/FER_SER_model/FER_SER_v6.py,neutral,0.0,ang,0.0
2025-05-13 16:28:31,& c:/Users/bmsadmin/Desktop/FER_SER_model/myenv/Scripts/python.exe c:/Users/bmsadmin/Desktop/FER_SER_model/FER_SER_v6.py,sad,98.30685247819737,ang,0.9901641011238098
2025-05-13 16:28:32,& c:/Users/bmsadmin/Desktop/FER_SER_model/myenv/Scripts/python.exe c:/Users/bmsadmin/Desktop/FER_SER_model/FER_SER_v6.py,neutral,85.33408045768738,ang,0.0
2025-05-13 16:28:34,& c:/Users/bmsadmin/Desktop/FER_SER_model/myenv/Scripts/python.exe c:/Users/bmsadmin/Desktop/FER_SER_model/FER_SER_v6.py,sad,0.0,ang,0.9822476506233215
2025-05-13 16:28:35,& c:/Users/bmsadmin/Desktop/FER_SER_model/myenv/Scripts/python.exe c:/Users/bmsadmin/Desktop/FER_SER_model/FER_SER_v6.py,sad,0,ang,0.0
2025-05-13 16:28:36,& c:/Users/bmsadmin/Desktop/FER_SER_model/myenv/Scripts/python.exe c:/Users/bmsadmin/Desktop/FER_SER_model/FER_SER_v6.py,sad,0,ang,0.0
2025-05-13 16:28:37,& c:/Users/bmsadmin/Desktop/FER_SER_model/myenv/Scripts/python.exe c:/Users/bmsadmin/Desktop/FER_SER_model/FER_SER_v6.py,sad,0,ang,0.0
2025-05-13 16:28:38,& c:/Users/bmsadmin/Desktop/FER_SER_model/myenv/Scripts/python.exe c:/Users/bmsadmin/Desktop/FER_SER_model/FER_SER_v6.py,neutral,0,ang,0.0
2025-05-13 16:28:40,& c:/Users/bmsadmin/Desktop/FER_SER_model/myenv/Scripts/python.exe c:/Users/bmsadmin/Desktop/FER_SER_model/FER_SER_v6.py,neutral,0,ang,0.9833893179893494
2025-05-13 16:28:41,& c:/Users/bmsadmin/Desktop/FER_SER_model/myenv/Scripts/python.exe c:/Users/bmsadmin/Desktop/FER_SER_model/FER_SER_v6.py,neutral,0.0,ang,0.0
2025-05-13 16:28:43,& c:/Users/bmsadmin/Desktop/FER_SER_model/myenv/Scripts/python.exe c:/Users/bmsadmin/Desktop/FER_SER_model/FER_SER_v6.py,neutral,89.89782929420471,ang,0.968498945236206
2025-05-13 16:28:44,& c:/Users/bmsadmin/Desktop/FER_SER_model/myenv/Scripts/python.exe c:/Users/bmsadmin/Desktop/FER_SER_model/FER_SER_v6.py,sad,54.1050910949707,ang,0.0
2025-05-13 16:28:46,& c:/Users/bmsadmin/Desktop/FER_SER_model/myenv/Scripts/python.exe c:/Users/bmsadmin/Desktop/FER_SER_model/FER_SER_v6.py,fear,0.0,ang,0.9844122529029846
2025-05-13 16:34:53,testing,sad,92.27606654167175,ang,0.0
2025-05-13 16:34:55,testing,sad,0.0,ang,0.9822278618812561
2025-05-13 16:34:56,testing,angry,0,sad,0.0
2025-05-13 16:34:57,testing,sad,0,sad,0.0
2025-05-13 16:34:58,testing,happy,0,sad,0.0
2025-05-13 16:35:00,testing,sad,0,sad,0.0
2025-05-13 16:35:01,testing,sad,0,sad,0.9211165308952332
2025-05-13 16:35:02,testing,sad,0,sad,0.0
2025-05-13 16:35:04,testing,neutral,0,sad,0.6017349362373352
2025-05-13 16:35:05,testing,sad,0.0,neu,0.0
2025-05-13 16:35:07,testing,fear,56.443965435028076,neu,0.5644359588623047
2025-05-13 16:35:08,testing,sad,78.36732864379883,sad,0.0
2025-05-13 16:35:10,testing,fear,0.0,sad,0.9278432130813599
2025-05-13 16:35:11,testing,sad,0,sad,0.0
2025-05-13 16:35:12,testing,sad,0,sad,0.0
2025-05-13 16:35:14,testing,sad,0,sad,0.0
2025-05-13 16:35:15,testing,sad,0,sad,0.0
2025-05-13 16:35:16,testing,neutral,0,sad,0.0
2025-05-13 16:35:18,testing,fear,0,sad,0.0
2025-05-13 16:35:19,testing,fear,0,sad,0.998036801815033
2025-05-13 16:35:20,testing,sad,0.0,ang,0.0
2025-05-13 16:35:21,testing,sad,63.7063205242157,ang,0.0
2025-05-13 16:35:23,testing,sad,0.0,ang,0.0
2025-05-13 16:35:24,testing,fear,0.0,ang,0.0
2025-05-13 16:35:25,testing,sad,0.0,ang,0.0
2025-05-13 16:35:27,testing,sad,63.167667388916016,ang,0.0
2025-05-13 16:35:28,testing,sad,85.60250573128394,ang,0.7778011560440063
2025-05-14 10:46:55,12,Error,0.0,ang,0.0
2025-05-14 10:46:58,12,sad,80.4497622907445,ang,0.659038245677948
2025-05-14 10:46:59,12,neutral,86.05701327323914,hap,0.0
2025-05-14 10:47:01,12,neutral,83.73868465423584,hap,0.5829374194145203
2025-05-14 10:47:02,12,neutral,91.0116970539093,ang,0.0
2025-05-14 10:47:03,12,neutral,99.8147964477539,ang,0.0
2025-05-14 10:47:04,12,neutral,0.0,ang,0.0
2025-05-14 10:47:05,12,neutral,0.0,ang,0.0
2025-05-14 10:47:07,12,neutral,99.79186056803826,ang,0.715121328830719
2025-05-14 10:47:08,12,sad,52.08923531110497,ang,0.0
2025-05-14 10:47:10,12,fear,0.0,ang,0.7375586032867432
2025-05-14 10:47:11,12,neutral,0.0,ang,0.0
2025-05-14 10:47:12,12,neutral,83.93442630767822,ang,0.0
2025-05-14 10:47:13,12,sad,0.0,ang,0.0
2025-05-14 10:47:14,12,sad,0.0,ang,0.0
2025-05-14 10:47:16,12,neutral,95.78718543052673,ang,0.8324145078659058
2025-05-14 10:47:17,12,neutral,96.24823331832886,ang,0.0
2025-05-14 10:47:18,12,happy,92.74476170539856,ang,0.0
2025-05-14 10:47:19,12,happy,70.61191201210022,ang,0.0
2025-05-14 10:47:20,12,happy,0.0,ang,0.0
2025-05-14 10:47:22,12,happy,0.0,ang,0.9852418303489685
2025-05-14 10:47:23,12,happy,0.0,neu,0.0
2025-05-14 10:47:24,12,neutral,0.0,neu,0.0
2025-05-14 10:47:25,12,neutral,0.0,neu,0.0
2025-05-14 10:47:27,12,happy,0.0,neu,0.0
2025-05-14 10:47:28,12,neutral,48.475855770605115,neu,0.0
2025-05-14 10:47:29,12,neutral,85.13148427009583,neu,0.0
2025-05-14 10:47:31,12,neutral,88.38471701054078,neu,0.9797082543373108
2025-05-14 10:47:32,12,neutral,80.42148831018736,ang,0.0
2025-05-14 10:47:33,12,neutral,92.89939488179745,ang,0.0
2025-05-14 10:47:34,12,neutral,0.0,ang,0.0
2025-05-14 10:47:36,12,neutral,0.0,ang,0.0
2025-05-14 10:47:37,12,neutral,0.0,ang,0.0
2025-05-14 10:47:38,12,neutral,0.0,ang,0.0
2025-05-14 10:47:40,12,neutral,0.0,ang,0.7712231278419495
2025-05-14 10:47:41,12,neutral,0,ang,0.0
2025-05-14 10:47:43,12,neutral,0,ang,0.9990360736846924
2025-05-14 10:47:44,12,neutral,0.0,ang,0.0
2025-05-14 10:47:45,12,neutral,97.9375422000885,ang,0.0
2025-05-14 10:47:46,12,neutral,0.0,ang,0.0
2025-05-14 10:47:48,12,sad,0.0,ang,0.0
2025-05-14 10:47:49,12,neutral,0.0,ang,0.0
2025-05-14 10:47:50,12,fear,95.47308683395386,ang,0.0
2025-05-14 10:47:51,12,fear,87.98693871342405,ang,0.0
2025-05-14 10:47:52,12,sad,0.0,ang,0.0
2025-05-14 10:47:54,12,angry,0.0,ang,0.0
2025-05-14 10:47:55,12,neutral,0.0,ang,0.0
2025-05-14 10:47:56,12,neutral,0.0,ang,0.0
2025-05-14 10:47:58,12,sad,88.43852281570435,ang,0.991468071937561
2025-05-14 10:47:59,12,neutral,70.64158916473389,ang,0.0
2025-05-14 10:48:01,12,neutral,70.64158916473389,ang,0.6688992977142334
2025-05-14 10:48:02,12,neutral,70.64158916473389,ang,0.0
2025-05-14 10:48:03,12,neutral,70.64158916473389,ang,0.0
2025-05-14 10:48:04,12,neutral,70.64158916473389,ang,0.0
2025-05-14 10:48:05,12,neutral,70.64158916473389,ang,0.0
2025-05-14 10:48:07,12,neutral,70.64158916473389,ang,0.9052334427833557
2025-05-14 10:48:08,12,fear,99.39101934432983,ang,0.0
2025-05-14 10:48:10,12,fear,0.0,ang,0.997437596321106
2025-05-14 10:48:11,12,sad,0.0,ang,0.0
2025-05-14 10:48:12,12,sad,41.52459800243378,ang,0.0
2025-05-14 10:48:13,12,sad,41.52459800243378,ang,0.0
2025-05-14 10:48:14,12,happy,95.38782835006714,ang,0.0
2025-05-14 10:48:16,12,happy,99.68915585408737,ang,0.9214439988136292
2025-05-14 10:48:17,12,happy,99.0277349369368,ang,0.0
2025-05-14 10:48:18,12,happy,99.37496192753768,ang,0.0
2025-05-14 10:48:19,12,happy,0.0,ang,0.0
2025-05-14 10:48:20,12,neutral,0.0,ang,0.0
2025-05-14 10:48:22,12,happy,57.7402864539794,ang,0.9816330671310425
2025-05-14 10:48:23,12,sad,90.62539879235023,sad,0.0
2025-05-14 10:48:25,12,happy,91.78122282028198,sad,0.9630969166755676
2025-05-14 10:48:26,12,happy,98.27579855918884,hap,0.0
2025-05-14 10:48:27,12,happy,90.69088808406734,hap,0.0
2025-05-14 10:48:28,12,happy,0.0,hap,0.0
2025-05-14 10:48:29,12,neutral,0.0,hap,0.0
2025-05-14 10:48:31,12,happy,85.0420218756225,hap,0.979640781879425
2025-05-14 10:48:32,12,neutral,68.37687869347587,hap,0.0
2025-05-14 10:48:34,12,fear,0.0,hap,0.8083239197731018
2025-05-14 10:48:35,12,neutral,0.0,hap,0.0
2025-05-14 10:48:37,12,neutral,51.19611620903015,hap,0.8951422572135925
2025-05-14 10:48:38,12,neutral,44.15940046310425,hap,0.0
2025-05-14 10:48:40,12,neutral,0.0,hap,0.7611454129219055
2025-05-14 10:48:41,12,happy,0.0,hap,0.0
2025-05-14 10:48:43,12,sad,61.2148381003641,hap,0.7150462865829468
2025-05-14 10:48:44,12,neutral,37.75099515914917,sad,0.0
2025-05-14 10:48:45,12,sad,68.81380081176758,sad,0.0
2025-05-14 10:48:46,12,neutral,0.0,sad,0.0
2025-05-14 10:48:47,12,neutral,0.0,sad,0.0
2025-05-14 10:48:49,12,neutral,87.87685632705688,sad,0.36162129044532776
2025-05-14 10:48:50,12,neutral,96.21960520744324,hap,0.0
2025-05-14 10:48:52,12,neutral,0.0,hap,0.6562052369117737
2025-05-14 10:48:53,12,neutral,0.0,ang,0.0
2025-05-14 10:48:55,12,neutral,87.35758066177368,ang,0.6602783203125
2025-05-14 10:48:56,12,sad,61.30781038906451,ang,0.0
2025-05-14 10:48:57,12,neutral,80.80126643180847,ang,0.0
2025-05-14 10:48:58,12,sad,45.52011761189208,ang,0.0
2025-05-14 10:48:59,12,neutral,0.0,ang,0.0
2025-05-14 10:49:01,12,sad,0.0,ang,0.9376716017723083
2025-05-14 10:49:02,12,sad,0.0,ang,0.0
2025-05-14 10:49:03,12,sad,90.59765338897705,ang,0.0
2025-05-14 10:49:04,12,disgust,0.0,ang,0.0
2025-05-14 10:49:05,12,sad,66.68957471847534,ang,0.0
2025-05-14 10:49:07,12,fear,71.43758961186347,ang,0.5380958914756775
2025-05-14 10:49:08,12,fear,62.3224675655365,ang,0.0
2025-05-14 10:49:10,12,sad,0.0,ang,0.9873400330543518
2025-05-14 10:49:11,12,neutral,0.0,ang,0.0
2025-05-14 10:49:13,12,sad,84.87557082626645,ang,0.9227076172828674
2025-05-14 10:49:14,12,angry,38.54703903198242,ang,0.0
2025-05-14 10:49:15,12,fear,42.17789173126221,ang,0.0
2025-05-14 10:49:16,12,sad,0.0,ang,0.0
2025-05-14 10:49:17,12,sad,91.70773029327393,ang,0.0
2025-05-14 10:49:19,12,sad,81.70065879821777,ang,0.9290703535079956
2025-05-14 10:49:20,12,sad,95.01823782920837,hap,0.0
2025-05-14 10:49:21,12,sad,88.10383081436157,hap,0.0
2025-05-14 10:49:22,12,sad,97.21952113872514,hap,0.0
2025-05-14 10:49:23,12,happy,99.27773475646973,hap,0.0
2025-05-14 10:49:25,12,happy,99.99682307224411,hap,0.9012494087219238
2025-05-14 10:49:26,12,fear,54.26830002447367,hap,0.0
2025-05-14 10:49:28,12,fear,0.0,hap,0.8740710020065308
2025-05-14 10:49:29,12,sad,0.0,hap,0.0
2025-05-14 10:49:31,12,happy,71.33917808532715,hap,0.5849107503890991
2025-05-14 10:49:32,12,fear,41.7933851480484,ang,0.0
2025-05-14 10:49:33,12,happy,99.30517673492432,ang,0.0
2025-05-14 10:49:34,12,sad,0.0,ang,0.0
2025-05-14 10:49:35,12,fear,0.0,ang,0.0
2025-05-14 10:49:37,12,happy,62.37937808036804,ang,0.6262925863265991
2025-05-14 10:49:38,12,neutral,31.262031197547913,hap,0.0
2025-05-14 10:49:40,12,neutral,31.262031197547913,hap,0.6223752498626709
2025-05-14 10:49:41,12,neutral,31.262031197547913,neu,0.0
2025-05-14 10:49:43,12,neutral,31.262031197547913,neu,0.6419351100921631
2025-05-14 10:49:44,12,neutral,99.8508632183075,hap,0.0
2025-05-14 10:49:46,12,happy,99.91673232117506,hap,0.7055056691169739
2025-05-14 10:49:47,12,happy,99.91673232117506,ang,0.0
2025-05-14 10:49:48,12,neutral,93.53219828201522,ang,0.0
2025-05-14 10:49:49,12,happy,74.28795099258423,ang,0.0
2025-05-14 10:49:50,12,happy,74.28795099258423,ang,0.0
2025-05-14 10:49:52,12,happy,74.28795099258423,ang,0.9051529169082642
2025-05-14 10:49:53,12,angry,90.05302786827087,hap,0.0
2025-05-14 10:49:54,12,neutral,78.6360131881245,hap,0.0
2025-05-14 10:49:55,12,happy,0.0,hap,0.0
2025-05-14 10:49:57,12,angry,0.0,hap,0.0
2025-05-14 10:49:58,12,angry,0.0,hap,0.0
2025-05-14 10:49:59,12,angry,0.0,hap,0.0
2025-05-14 10:50:01,12,angry,80.32633662223816,hap,0.5014175176620483
2025-05-14 10:50:02,12,angry,60.77007055282593,hap,0.0
2025-05-14 10:50:04,12,neutral,0.0,hap,0.9739230871200562
2025-05-14 10:50:05,12,angry,0.0,neu,0.0
2025-05-14 10:50:06,12,happy,0.0,neu,0.0
2025-05-14 10:50:07,12,fear,0.0,neu,0.0
2025-05-14 10:50:09,12,angry,84.25428867340088,neu,0.0
2025-05-14 10:50:10,12,happy,87.29826959392194,neu,0.0
2025-05-14 10:50:11,12,angry,46.66598697495305,neu,0.0
2025-05-14 10:50:13,12,angry,0.0,neu,0.6298490762710571
2025-05-14 10:50:14,12,angry,0.0,ang,0.0
2025-05-14 10:50:15,12,neutral,0.0,ang,0.0
2025-05-14 10:50:16,12,happy,0.0,ang,0.0
2025-05-14 10:50:18,12,neutral,0.0,ang,0.0
2025-05-14 10:50:19,12,sad,0.0,ang,0.0
2025-05-14 10:50:20,12,sad,57.78455138206482,ang,0.0
2025-05-14 10:50:22,12,neutral,0.0,ang,0.9557419419288635
2025-05-14 10:50:23,12,neutral,0,hap,0.0
2025-05-14 10:50:24,12,happy,0,hap,0.0
2025-05-14 10:50:25,12,neutral,0,hap,0.0
2025-05-14 10:50:27,12,neutral,0,hap,0.0
2025-05-14 10:50:28,12,sad,0,hap,0.0
2025-05-14 10:50:29,12,neutral,0,hap,0.0
2025-05-14 10:50:31,12,angry,0,hap,0.9733607769012451
2025-05-14 10:50:32,12,angry,0.0,ang,0.0
2025-05-14 10:50:33,12,angry,0.0,ang,0.0
2025-05-14 10:50:34,12,angry,0.0,ang,0.0
2025-05-14 10:50:35,12,sad,0.0,ang,0.0
2025-05-14 10:50:37,12,neutral,46.55589461326599,ang,0.9643667936325073
2025-05-14 10:50:38,12,fear,98.2914388179779,ang,0.0
2025-05-14 10:50:40,12,angry,0.0,ang,0.9696007966995239
2025-05-14 10:50:41,12,angry,0.0,sad,0.0
2025-05-14 10:50:42,12,angry,0.0,sad,0.0
2025-05-14 10:50:43,12,neutral,0.0,sad,0.0
2025-05-14 10:50:45,12,neutral,0.0,sad,0.0
2025-05-14 10:50:46,12,neutral,0.0,sad,0.0
2025-05-14 10:50:47,12,neutral,0.0,sad,0.0
2025-05-14 10:50:49,12,neutral,98.78365397453308,sad,0.5676074028015137
2025-05-14 10:50:50,12,neutral,98.8518296303546,hap,0.0
2025-05-14 10:50:52,12,surprise,0.0,hap,0.7267875671386719
2025-05-14 10:50:53,12,sad,0.0,hap,0.0
2025-05-14 10:50:54,12,neutral,0.0,hap,0.0
2025-05-14 10:50:55,12,sad,0.0,hap,0.0
2025-05-14 10:50:57,12,sad,0.0,hap,0.0
2025-05-14 10:50:58,12,sad,84.01927256699041,hap,0.0
2025-05-14 10:51:00,12,neutral,0.0,hap,0.0
2025-05-14 10:51:01,12,sad,0.0,hap,0.0
2025-05-14 10:51:02,12,sad,0.0,hap,0.0
2025-05-14 10:51:04,12,surprise,0.0,hap,0.9886322617530823
2025-05-14 10:51:05,12,surprise,0,hap,0.0
2025-05-14 10:51:07,12,surprise,0,hap,0.8845725655555725
2025-05-14 10:51:08,12,neutral,0.0,ang,0.0
2025-05-14 10:51:09,12,neutral,0.0,ang,0.0
2025-05-14 10:51:10,12,neutral,0.0,ang,0.0
2025-05-14 10:51:11,12,neutral,0.0,ang,0.0
2025-05-14 10:51:13,12,angry,97.00138604624438,ang,0.800574779510498
2025-05-14 10:51:14,12,angry,53.452008962631226,hap,0.0
2025-05-14 10:51:15,12,disgust,94.5918321609497,hap,0.0
2025-05-14 10:51:16,12,disgust,0.0,hap,0.0
2025-05-14 10:51:18,12,fear,0.0,hap,0.0
2025-05-14 10:51:19,12,sad,0.0,hap,0.0
2025-05-14 10:51:21,12,fear,0.0,hap,0.0
2025-05-14 10:51:22,12,neutral,0.0,hap,0.0
2025-05-14 10:51:23,12,sad,0.0,hap,0.0
2025-05-14 10:51:25,12,neutral,0.0,hap,0.8460229635238647
2025-05-14 10:51:26,12,fear,0.0,ang,0.0
2025-05-14 10:51:28,12,angry,43.79027448834625,ang,0.9952442049980164
2025-05-14 10:51:29,12,angry,83.79153512665839,ang,0.0
2025-05-14 10:51:30,12,angry,84.98320162496547,ang,0.0
2025-05-14 10:51:31,12,angry,98.83341186245751,ang,0.0
2025-05-14 10:51:32,12,neutral,75.97265839576721,ang,0.0
2025-05-14 10:51:34,12,fear,0.0,ang,0.5757876038551331
2025-05-14 10:51:35,12,fear,0,ang,0.0
2025-05-14 10:51:37,12,fear,0,ang,0.9152352809906006
2025-05-14 10:51:38,12,fear,0,ang,0.0
2025-05-14 10:51:39,12,fear,0,ang,0.0
2025-05-14 10:51:40,12,fear,0,ang,0.0
2025-05-14 10:51:41,12,fear,0,ang,0.0
2025-05-14 10:51:43,12,fear,0,ang,0.9034594893455505
2025-05-14 10:51:44,12,fear,0.0,hap,0.0
2025-05-14 10:51:45,12,neutral,38.99826836606641,hap,0.0
2025-05-14 10:51:46,12,neutral,73.11369180679321,hap,0.0
2025-05-14 10:51:47,12,fear,0.0,hap,0.0
2025-05-14 10:51:49,12,fear,97.79882431030273,hap,0.9082695841789246
2025-05-14 10:51:50,12,fear,95.26365399360657,hap,0.0
2025-05-14 10:51:51,12,fear,96.8652306118745,hap,0.0
2025-05-14 10:51:52,12,fear,95.04621684000291,hap,0.0
2025-05-14 10:51:53,12,surprise,0.0,hap,0.0
2025-05-14 10:51:55,12,fear,0.0,hap,0.8803459405899048
2025-05-14 10:51:56,12,fear,0.0,sad,0.0
2025-05-14 10:51:58,12,fear,99.95267391204834,sad,0.42274385690689087
2025-05-14 10:51:59,12,fear,99.96411800384521,sad,0.0
2025-05-14 10:52:01,12,fear,0.0,sad,0.9815120100975037
2025-05-14 10:52:02,12,fear,0.0,ang,0.0
2025-05-14 10:52:03,12,fear,0.0,ang,0.0
2025-05-14 10:52:04,12,fear,0.0,ang,0.0
2025-05-14 10:52:05,12,sad,0.0,ang,0.0
2025-05-14 10:52:07,12,fear,99.7178316452704,ang,0.9817313551902771
2025-05-14 10:52:08,12,fear,99.9239444732666,ang,0.0
2025-05-14 10:52:09,12,fear,99.88998173355839,ang,0.0
2025-05-14 10:52:10,12,fear,0.0,ang,0.0
2025-05-14 10:52:12,12,fear,0.0,ang,0.0
2025-05-14 10:52:13,12,fear,0.0,ang,0.0
2025-05-14 10:52:15,12,fear,0.0,ang,0.0
2025-05-14 10:52:16,12,fear,0.0,ang,0.0
2025-05-14 10:52:18,12,fear,0.0,ang,0.0
2025-05-14 10:52:19,12,fear,0.0,ang,0.0
2025-05-14 10:52:20,12,fear,0.0,ang,0.0
2025-05-14 10:52:22,12,fear,99.97212290763855,ang,0.988249659538269
2025-05-14 10:52:23,12,fear,99.87322688102722,sad,0.0
2025-05-14 10:52:24,12,fear,98.28813661862235,sad,0.0
2025-05-14 10:52:25,12,fear,0.0,sad,0.0
2025-05-14 10:52:27,12,fear,0.0,sad,0.0
2025-05-14 10:52:28,12,fear,0.0,sad,0.0
2025-05-14 10:52:30,12,angry,0.0,sad,0.0
2025-05-14 10:52:31,12,fear,0.0,sad,0.0
2025-05-14 10:52:32,12,fear,0.0,sad,0.0
2025-05-14 10:52:34,12,fear,0.0,sad,0.5699621438980103
2025-05-14 10:52:35,12,fear,0,ang,0.0
2025-05-14 10:52:36,12,fear,0,ang,0.0
2025-05-14 10:52:37,12,fear,0,ang,0.0
2025-05-14 10:52:39,12,fear,0,ang,0.0
2025-05-14 10:52:40,12,fear,0,ang,0.0
2025-05-14 10:52:41,12,fear,0,ang,0.0
2025-05-14 10:52:43,12,fear,0,ang,0.6332690715789795
2025-05-14 10:52:44,12,fear,0.0,ang,0.0
2025-05-14 10:52:45,12,fear,0.0,ang,0.0
2025-05-14 10:52:46,12,fear,0.0,ang,0.0
2025-05-14 10:52:47,12,fear,0.0,ang,0.0
2025-05-14 10:52:49,12,fear,97.78776168823242,ang,0.5387038588523865
2025-05-14 10:52:50,12,fear,98.68691563606262,ang,0.0
2025-05-14 10:52:51,12,fear,81.14258646965027,ang,0.0
2025-05-14 10:52:52,12,fear,55.07304668426514,ang,0.0
2025-05-14 10:52:53,12,fear,0.0,ang,0.0
2025-05-14 10:52:55,12,fear,96.68029546737671,ang,0.9556087851524353
2025-05-14 10:52:56,12,fear,99.56755047231312,hap,0.0
2025-05-14 10:52:58,12,fear,0.0,hap,0.541030764579773
2025-05-14 10:52:59,12,fear,0.0,hap,0.0
2025-05-14 10:53:01,12,fear,97.38201483380882,hap,0.4708331823348999
2025-05-14 10:53:02,12,fear,65.32757878303528,sad,0.0
2025-05-14 10:53:04,12,fear,0.0,sad,0.9952858090400696
2025-05-14 10:53:05,12,fear,0.0,sad,0.0
2025-05-14 10:53:06,12,fear,66.84452295303345,sad,0.0
2025-05-14 10:53:07,12,fear,0.0,sad,0.0
2025-05-14 10:53:08,12,sad,46.72486821116588,sad,0.0
2025-05-14 10:53:10,12,sad,92.31117367744446,sad,0.7108178734779358
2025-05-14 10:53:11,12,sad,85.36067008972168,sad,0.0
2025-05-14 10:53:13,12,fear,0.0,sad,0.7447327971458435
2025-05-14 10:53:14,12,fear,0,sad,0.0
2025-05-14 10:53:16,12,sad,0,sad,0.8460178375244141
2025-05-14 10:53:17,12,sad,0.0,ang,0.0
2025-05-14 10:53:18,12,fear,0.0,ang,0.0
2025-05-14 10:53:19,12,fear,0.0,ang,0.0
2025-05-14 10:53:21,12,fear,0.0,ang,0.0
2025-05-14 10:53:22,12,fear,0.0,ang,0.0
2025-05-14 10:53:24,12,fear,0.0,ang,0.0
2025-05-14 10:53:25,12,fear,62.744903564453125,ang,0.0
2025-05-14 10:53:27,12,fear,0.0,ang,0.0
2025-05-14 10:53:28,12,fear,0.0,ang,0.0
2025-05-14 10:53:29,12,fear,0.0,ang,0.0
2025-05-14 10:53:31,12,fear,87.80201004755557,ang,0.5977742671966553
2025-05-14 10:53:32,12,fear,99.28204417228699,sad,0.0
2025-05-14 10:53:34,12,fear,0.0,sad,0.9467544555664062
2025-05-14 10:53:35,12,fear,0.0,neu,0.0
2025-05-14 10:53:36,12,fear,0.0,neu,0.0
2025-05-14 10:53:37,12,fear,0.0,neu,0.0
2025-05-14 10:53:39,12,fear,0.0,neu,0.0
2025-05-14 10:53:40,12,fear,92.48987391530716,neu,0.0
2025-05-14 10:53:42,12,fear,0.0,neu,0.0
2025-05-14 10:53:43,12,fear,0.0,neu,0.0
2025-05-14 10:53:45,12,fear,0.0,neu,0.0
2025-05-14 10:53:46,12,fear,0.0,neu,0.0
2025-05-14 10:53:47,12,fear,0.0,neu,0.0
2025-05-14 10:53:48,12,fear,93.4963520465107,neu,0.0
2025-05-14 10:53:49,12,fear,0.0,neu,0.0
2025-05-14 10:53:51,12,fear,0.0,neu,0.0
2025-05-14 10:53:52,12,fear,0.0,neu,0.0
2025-05-14 10:53:53,12,fear,0.0,neu,0.0
2025-05-14 10:53:55,12,fear,0.0,neu,0.733803927898407
2025-05-14 10:53:56,12,fear,0,hap,0.0
2025-05-14 10:53:57,12,fear,0,hap,0.0
2025-05-14 10:53:58,12,fear,0,hap,0.0
2025-05-14 10:53:59,12,fear,0,hap,0.0
2025-05-14 10:54:01,12,neutral,0,hap,0.9216373562812805
2025-05-14 10:54:02,12,fear,0,neu,0.0
2025-05-14 10:54:04,12,fear,0,neu,0.9502745270729065
2025-05-14 10:54:05,12,angry,0.0,sad,0.0
2025-05-14 10:54:06,12,fear,0.0,sad,0.0
2025-05-14 10:54:07,12,fear,0.0,sad,0.0
2025-05-14 10:54:08,12,fear,0.0,sad,0.0
2025-05-14 10:54:10,12,fear,90.45888781547546,sad,0.8576268553733826
2025-05-14 10:54:11,12,fear,76.43386721611023,ang,0.0
2025-05-14 10:54:12,12,fear,87.4957799911499,ang,0.0
2025-05-14 10:54:13,12,fear,91.8729832020978,ang,0.0
2025-05-14 10:54:14,12,fear,0.0,ang,0.0
2025-05-14 10:54:16,12,fear,0.0,ang,0.8832642436027527
2025-05-14 10:54:17,12,fear,0,ang,0.0
2025-05-14 10:54:18,12,fear,0,ang,0.0
2025-05-14 10:54:19,12,fear,0,ang,0.0
2025-05-14 10:54:21,12,fear,0,ang,0.0
2025-05-14 10:54:22,12,fear,0,ang,0.0
2025-05-14 10:54:24,12,neutral,0,ang,0.0
2025-05-14 10:54:25,12,fear,0,ang,0.0
2025-05-14 10:54:27,12,fear,0,ang,0.0
2025-05-14 10:54:28,12,fear,0,ang,0.0
2025-05-14 10:54:29,12,fear,0,ang,0.0
2025-05-14 10:54:31,12,fear,0,ang,0.9604547619819641
2025-05-14 10:54:32,12,fear,0.0,sad,0.0
2025-05-14 10:54:33,12,fear,0.0,sad,0.0
2025-05-14 10:54:34,12,fear,0.0,sad,0.0
2025-05-14 10:54:36,12,fear,0.0,sad,0.0
2025-05-14 10:54:37,12,fear,0.0,sad,0.0
2025-05-14 10:54:38,12,fear,0.0,sad,0.0
2025-05-14 10:54:40,12,fear,93.28423222491357,sad,0.9401922821998596
2025-05-14 10:54:41,12,fear,90.79608917236328,ang,0.0
2025-05-14 10:54:43,12,fear,0.0,ang,0.9103702902793884
2025-05-14 10:54:44,12,fear,0,neu,0.0
2025-05-14 10:54:45,12,fear,0,neu,0.0
2025-05-14 10:54:46,12,fear,0,neu,0.0
2025-05-14 10:54:48,12,fear,0,neu,0.0
2025-05-14 10:54:49,12,fear,0,neu,0.0
2025-05-14 10:54:51,12,fear,0,neu,0.0
2025-05-14 10:54:52,12,fear,0,neu,0.0
2025-05-14 10:54:53,12,fear,0,neu,0.0
2025-05-14 10:54:55,12,fear,0,neu,0.34233951568603516
2025-05-14 10:54:56,12,fear,0,hap,0.0
2025-05-14 10:54:58,12,fear,0,hap,0.9902893304824829
2025-05-14 10:54:59,12,fear,0,hap,0.0
2025-05-14 10:55:01,12,sad,0,hap,0.6093958616256714
2025-05-14 10:55:02,12,fear,0.0,sad,0.0
2025-05-14 10:55:04,12,fear,86.73608899116516,sad,0.8565942049026489
2025-05-14 10:55:05,12,fear,82.97901749610901,ang,0.0
2025-05-14 10:55:07,12,fear,0.0,ang,0.38482552766799927
2025-05-14 10:55:08,12,fear,0,sad,0.0
2025-05-14 10:55:09,12,fear,0,sad,0.0
2025-05-14 10:55:10,12,fear,0,sad,0.0
2025-05-14 10:55:12,12,fear,0,sad,0.0
2025-05-14 10:55:13,12,fear,0,sad,0.0
2025-05-14 10:55:14,12,fear,0,sad,0.0
2025-05-14 10:55:16,12,fear,0,sad,0.7132184505462646
2025-05-14 10:55:17,12,fear,0,hap,0.0
2025-05-14 10:55:19,12,fear,0,hap,0.7580875158309937
2025-05-14 10:55:20,12,fear,0.0,sad,0.0
2025-05-14 10:55:22,12,fear,74.30689334869385,sad,0.8421576619148254
2025-05-14 10:55:23,12,fear,94.70444886114889,sad,0.0
2025-05-14 10:55:24,12,fear,80.23256895153892,sad,0.0
2025-05-14 10:55:25,12,fear,0.0,sad,0.0
2025-05-14 10:55:27,12,fear,0.0,sad,0.0
2025-05-14 10:55:28,12,fear,89.40473198890686,sad,0.0
2025-05-14 10:55:30,12,fear,0.0,sad,0.0
2025-05-14 10:55:31,12,fear,0.0,sad,0.0
2025-05-14 10:55:32,12,fear,0.0,sad,0.0
2025-05-14 10:55:34,12,surprise,55.83776831626892,sad,0.9961659908294678
2025-05-14 10:55:35,12,fear,96.92444782998847,sad,0.0
2025-05-14 10:55:36,12,fear,94.35404505455763,sad,0.0
2025-05-14 10:55:37,12,fear,0.0,sad,0.0
2025-05-14 10:55:38,12,fear,77.2359536430808,sad,0.0
2025-05-14 10:55:40,12,fear,73.80653023719788,sad,0.4264477789402008
2025-05-14 10:55:41,12,fear,90.47013407589603,hap,0.0
2025-05-14 10:55:42,12,fear,90.19317030906677,hap,0.0
2025-05-14 10:55:43,12,sad,0.0,hap,0.0
2025-05-14 10:55:45,12,sad,0.0,hap,0.0
2025-05-14 10:55:46,12,sad,0.0,hap,0.0
2025-05-14 10:55:47,12,fear,0.0,hap,0.0
2025-05-14 10:55:49,12,fear,0.0,hap,0.4868592917919159
2025-05-14 10:55:50,12,fear,0.0,hap,0.0
2025-05-14 10:55:51,12,fear,0.0,hap,0.0
2025-05-14 10:55:52,12,fear,0.0,hap,0.0
2025-05-14 10:55:54,12,fear,0.0,hap,0.0
2025-05-14 10:55:55,12,fear,0.0,hap,0.0
2025-05-14 10:55:56,12,sad,90.36455750465393,hap,0.0
2025-05-14 10:55:57,12,sad,35.52335798740387,hap,0.0
2025-05-14 10:55:58,12,fear,0.0,hap,0.0
2025-05-14 10:55:59,12,fear,50.27531385421753,hap,0.0
2025-05-14 10:56:01,12,fear,89.30768966674805,hap,0.6894707679748535
2025-05-14 10:56:02,12,fear,98.2082188129425,sad,0.0
2025-05-14 10:56:03,12,fear,94.2179914842839,sad,0.0
2025-05-14 10:56:04,12,fear,90.73634743690491,sad,0.0
2025-05-14 10:56:05,12,fear,0.0,sad,0.0
2025-05-14 10:56:07,12,fear,95.55085301399231,sad,0.5293395519256592
2025-05-14 10:56:08,12,fear,71.33321762084961,ang,0.0
2025-05-14 10:56:10,12,fear,0.0,ang,0.9146779179573059
2025-05-14 10:56:11,12,fear,0.0,sad,0.0
2025-05-14 10:56:12,12,fear,0.0,sad,0.0
2025-05-14 10:56:13,12,fear,0.0,sad,0.0
2025-05-14 10:56:15,12,fear,0.0,sad,0.0
2025-05-14 10:56:16,12,fear,0.0,sad,0.0
2025-05-14 10:56:17,12,fear,0.0,sad,0.0
2025-05-14 10:56:19,12,fear,59.0804398059845,sad,0.8248299360275269
2025-05-14 10:56:20,12,fear,71.43391966819763,sad,0.0
2025-05-14 10:56:22,12,fear,0.0,sad,0.7494778633117676
2025-05-14 10:56:23,12,fear,0,sad,0.0
2025-05-14 10:56:25,12,fear,0,sad,0.5826262831687927
2025-05-14 10:56:26,12,fear,0.0,hap,0.0
2025-05-14 10:56:27,12,fear,83.62354636192322,hap,0.0
2025-05-14 10:56:28,12,fear,97.91223406791687,hap,0.0
2025-05-14 10:56:29,12,fear,0.0,hap,0.0
2025-05-14 10:56:31,12,fear,0.0,hap,0.512900710105896
2025-05-14 10:56:32,12,fear,0,sad,0.0
2025-05-14 10:56:34,12,sad,0,sad,0.5268456339836121
2025-05-14 10:56:35,12,sad,0.0,ang,0.0
2025-05-14 10:56:36,12,neutral,0.0,ang,0.0
2025-05-14 10:56:37,12,fear,0.0,ang,0.0
2025-05-14 10:56:39,12,neutral,0.0,ang,0.0
2025-05-14 10:56:40,12,sad,0.0,ang,0.0
2025-05-14 10:56:41,12,neutral,71.55253887176514,ang,0.0
2025-05-14 10:56:43,12,neutral,0.0,ang,0.8120561242103577
2025-05-14 10:56:44,12,neutral,0,hap,0.0
2025-05-14 10:56:45,12,sad,0,hap,0.0
2025-05-14 10:56:46,12,sad,0,hap,0.0
2025-05-14 10:56:48,12,neutral,0,hap,0.0
2025-05-14 10:56:49,12,sad,0,hap,0.0
2025-05-14 10:56:50,12,neutral,0,hap,0.0
2025-05-14 10:56:52,12,sad,0,hap,0.6580753922462463
2025-05-14 10:56:53,12,fear,0.0,ang,0.0
2025-05-14 10:56:54,12,fear,91.02979248939708,ang,0.0
2025-05-14 10:56:55,12,fear,0.0,ang,0.0
2025-05-14 10:56:57,12,neutral,0.0,ang,0.0
2025-05-14 10:56:58,12,neutral,0.0,ang,0.0
2025-05-14 10:56:59,12,neutral,59.627002477645874,ang,0.0
2025-05-14 10:57:01,12,angry,0.0,ang,0.5562148094177246
2025-05-14 10:57:02,12,fear,0.0,sad,0.0
2025-05-14 10:57:03,12,fear,41.97814762592316,sad,0.0
2025-05-14 10:57:04,12,fear,41.97814762592316,sad,0.0
2025-05-14 10:57:05,12,neutral,97.80083920945654,sad,0.0
2025-05-14 10:57:07,12,sad,89.59448337554932,sad,0.6771996021270752
2025-05-14 10:57:08,12,fear,98.7604915356929,hap,0.0
2025-05-14 10:57:10,12,fear,0.0,hap,0.7366147041320801
2025-05-14 10:57:11,12,fear,0.0,ang,0.0
2025-05-14 10:57:12,12,fear,0.0,ang,0.0
2025-05-14 10:57:13,12,surprise,64.21562433242798,ang,0.0
2025-05-14 10:57:15,12,fear,0.0,ang,0.0
2025-05-14 10:57:16,12,fear,0.0,ang,0.0
2025-05-14 10:57:18,12,fear,0.0,ang,0.0
2025-05-14 10:57:19,12,fear,0.0,ang,0.0
2025-05-14 10:57:21,12,fear,0.0,ang,0.0
2025-05-14 10:57:22,12,fear,0.0,ang,0.0
2025-05-14 10:57:23,12,fear,0.0,ang,0.0
2025-05-14 10:57:25,12,fear,85.66252589225769,ang,0.9654089212417603
2025-05-14 10:57:26,12,fear,48.954036956544286,hap,0.0
2025-05-14 10:57:28,12,fear,0.0,hap,0.5564502477645874
2025-05-14 10:57:29,12,fear,84.05027389526367,sad,0.0
2025-05-14 10:57:30,12,fear,84.05027389526367,sad,0.0
2025-05-14 10:57:31,12,fear,84.05027389526367,sad,0.0
2025-05-14 10:57:32,12,fear,84.05027389526367,sad,0.0
2025-05-14 10:57:34,12,fear,84.05027389526367,sad,0.7963553071022034
2025-05-14 10:57:35,12,fear,84.05027389526367,ang,0.0
2025-05-14 10:57:36,12,fear,99.50762396959973,ang,0.0
2025-05-14 10:57:37,12,fear,99.50762396959973,ang,0.0
2025-05-14 10:57:38,12,fear,99.50762396959973,ang,0.0
2025-05-14 10:57:40,12,sad,46.27387225627899,ang,0.6000089645385742
2025-05-14 10:57:41,12,happy,99.93001222610474,hap,0.0
2025-05-14 10:57:43,12,happy,0.0,hap,0.9706336259841919
2025-05-14 10:57:44,12,neutral,0.0,ang,0.0
2025-05-14 10:57:46,12,neutral,99.88731740561931,ang,0.7833353877067566
2025-05-14 10:57:47,12,neutral,77.37985253334045,ang,0.0
2025-05-14 10:57:48,12,fear,93.61227230879399,ang,0.0
2025-05-14 10:57:49,12,fear,0.0,ang,0.0
2025-05-14 10:57:51,12,fear,0.0,ang,0.0
2025-05-14 10:57:52,12,fear,98.32496047019958,ang,0.0
2025-05-14 10:57:54,12,happy,0.0,ang,0.0
2025-05-14 10:57:55,12,happy,0.0,ang,0.0
2025-05-14 10:57:57,12,happy,0.0,ang,0.0
2025-05-14 10:57:58,12,neutral,0.0,ang,0.0
2025-05-14 10:57:59,12,neutral,0.0,ang,0.0
2025-05-14 10:58:01,12,fear,0.0,ang,0.813490629196167
2025-05-14 10:58:02,12,happy,0.0,hap,0.0
2025-05-14 10:58:04,12,happy,99.9768912764658,hap,0.6595180630683899
2025-05-14 10:58:05,12,fear,38.80279526743833,ang,0.0
2025-05-14 10:58:06,12,fear,98.3177004239202,ang,0.0
2025-05-14 10:58:07,12,happy,0.0,ang,0.0
2025-05-14 10:58:09,12,happy,0.0,ang,0.0
2025-05-14 10:58:10,12,happy,0.0,ang,0.0
2025-05-14 10:58:11,12,sad,0.0,ang,0.0
2025-05-14 10:58:13,12,sad,38.89011376441203,ang,0.9414166808128357
2025-05-14 10:58:14,12,happy,99.19597506523132,hap,0.0
2025-05-14 10:58:15,12,fear,98.65849606147385,hap,0.0
2025-05-14 10:58:16,12,fear,0.0,hap,0.0
2025-05-14 10:58:17,12,happy,66.71292781829834,hap,0.0
2025-05-14 10:58:19,12,neutral,89.42002527952495,hap,0.9337480068206787
2025-05-14 10:58:20,12,neutral,94.3109042273874,hap,0.0
2025-05-14 10:58:22,12,neutral,0.0,hap,0.9477519989013672
2025-05-14 10:58:23,12,fear,0,ang,0.0
2025-05-14 10:58:24,12,fear,0,ang,0.0
2025-05-14 10:58:25,12,fear,0,ang,0.0
2025-05-14 10:58:26,12,sad,0,ang,0.0
2025-05-14 10:58:28,12,fear,0,ang,0.4857714772224426
2025-05-14 10:58:29,12,fear,0.0,hap,0.0
2025-05-14 10:58:31,12,neutral,97.19492230475875,hap,0.6491521000862122
2025-05-14 10:58:32,12,neutral,97.75832282056348,hap,0.0
2025-05-14 10:58:33,12,neutral,76.82387094639962,hap,0.0
2025-05-14 10:58:34,12,fear,0.0,hap,0.0
2025-05-14 10:58:36,12,sad,0.0,hap,0.0
2025-05-14 10:58:37,12,fear,0.0,hap,0.0
2025-05-14 10:58:38,12,fear,61.16803057003204,hap,0.0
2025-05-14 10:58:40,12,fear,0.0,hap,0.812213122844696
2025-05-14 10:58:41,12,fear,0.0,ang,0.0
2025-05-14 10:58:43,12,fear,88.45648307126962,ang,0.9119144678115845
2025-05-14 10:58:44,12,fear,92.53461316434223,ang,0.0
2025-05-14 10:58:46,12,fear,0.0,ang,0.6358848214149475
2025-05-14 10:58:47,12,fear,0.0,ang,0.0
2025-05-14 10:58:48,12,fear,0.0,ang,0.0
2025-05-14 10:58:49,12,fear,0.0,ang,0.0
2025-05-14 10:58:50,12,fear,84.0168278237376,ang,0.0
2025-05-14 10:58:51,12,fear,78.52942603475738,ang,0.0
2025-05-14 10:58:52,12,fear,98.44565987586975,ang,0.0
2025-05-14 10:58:53,12,fear,0.0,ang,0.0
2025-05-14 10:58:55,12,fear,57.561527781304385,ang,0.9774580001831055
2025-05-14 10:58:56,12,fear,95.99646329879761,ang,0.0
2025-05-14 10:58:58,12,fear,0.0,ang,0.5452651381492615
2025-05-14 10:58:59,12,neutral,0.0,ang,0.0
2025-05-14 10:59:01,12,sad,94.40831012626765,ang,0.7458590865135193
2025-05-14 10:59:02,12,sad,87.89193178511479,ang,0.0
2025-05-14 10:59:03,12,sad,83.33397706342016,ang,0.0
2025-05-14 10:59:04,12,fear,97.2979901610607,ang,0.0
2025-05-14 10:59:05,12,fear,0.0,ang,0.0
2025-05-14 10:59:07,12,fear,46.72189095951426,ang,0.946469247341156
2025-05-14 10:59:08,12,sad,83.95219445228577,neu,0.0
2025-05-14 10:59:10,12,neutral,0.0,neu,0.5398488640785217
2025-05-14 10:59:11,12,neutral,0,hap,0.0
2025-05-14 10:59:12,12,neutral,0,hap,0.0
2025-05-14 10:59:13,12,neutral,0,hap,0.0
2025-05-14 10:59:15,12,sad,0,hap,0.0
2025-05-14 10:59:16,12,neutral,0,hap,0.0
2025-05-14 10:59:17,12,neutral,0,hap,0.0
2025-05-14 10:59:19,12,neutral,0,hap,0.7333545088768005
2025-05-14 10:59:20,12,neutral,0.0,hap,0.0
2025-05-14 10:59:21,12,neutral,76.1439947910315,hap,0.0
2025-05-14 10:59:22,12,neutral,81.35561347007751,hap,0.0
2025-05-14 10:59:23,12,neutral,82.33579607775258,hap,0.0
2025-05-14 10:59:25,12,neutral,0.0,hap,0.890679657459259
2025-05-14 10:59:26,12,neutral,0.0,neu,0.0
2025-05-14 10:59:27,12,neutral,0.0,neu,0.0
2025-05-14 10:59:28,12,neutral,0.0,neu,0.0
2025-05-14 10:59:29,12,neutral,0.0,neu,0.0
2025-05-14 10:59:31,12,neutral,99.90172981630145,neu,0.9909630417823792
2025-05-14 10:59:32,12,neutral,59.305644035339355,hap,0.0
2025-05-14 10:59:34,12,neutral,0.0,hap,0.821956992149353
2025-05-14 10:59:35,12,neutral,0.0,hap,0.0
2025-05-14 10:59:37,12,neutral,94.66800657916109,hap,0.6786821484565735
2025-05-14 10:59:38,12,fear,54.83155192952729,sad,0.0
2025-05-14 10:59:39,12,fear,73.90257120132446,sad,0.0
2025-05-14 10:59:40,12,neutral,0.0,sad,0.0
2025-05-14 10:59:41,12,neutral,64.98017907142639,sad,0.0
2025-05-14 10:59:43,12,sad,96.39809088684211,sad,0.6116980314254761
2025-05-14 10:59:44,12,sad,67.14993919729461,sad,0.0
2025-05-14 10:59:45,12,neutral,73.41247797012329,sad,0.0
2025-05-14 10:59:46,12,neutral,82.38003253936768,sad,0.0
2025-05-14 10:59:47,12,neutral,0.0,sad,0.0
2025-05-14 10:59:49,12,happy,92.93351173400879,sad,0.5260815620422363
2025-05-14 10:59:50,12,fear,45.47455906867981,ang,0.0
2025-05-14 10:59:51,12,neutral,83.98326635360718,ang,0.0
2025-05-14 10:59:52,12,neutral,0.0,ang,0.0
2025-05-14 10:59:54,12,neutral,0.0,ang,0.0
2025-05-14 10:59:55,12,sad,0.0,ang,0.0
2025-05-14 10:59:56,12,fear,0.0,ang,0.0
2025-05-14 10:59:58,12,surprise,53.34369858167759,ang,0.8894379138946533
2025-05-14 10:59:59,12,fear,96.48005941391345,ang,0.0
2025-05-14 11:00:00,12,fear,99.23891434205599,ang,0.0
2025-05-14 11:00:01,12,fear,99.92973805311465,ang,0.0
2025-05-14 11:00:02,12,sad,0.0,ang,0.0
2025-05-14 11:00:04,12,fear,46.76364064216614,ang,0.5135899186134338
2025-05-14 11:00:05,12,fear,97.60854244232178,hap,0.0
2025-05-14 11:00:07,12,neutral,0.0,hap,0.41485825181007385
2025-05-14 11:00:08,12,neutral,0.0,hap,0.0
2025-05-14 11:00:10,12,neutral,99.81540440412786,hap,0.9657324552536011
2025-05-14 11:00:11,12,neutral,76.00698471069336,sad,0.0
2025-05-14 11:00:12,12,sad,88.91812430836252,sad,0.0
2025-05-14 11:00:13,12,neutral,90.5827522277832,sad,0.0
2025-05-14 11:00:14,12,sad,0.0,sad,0.0
2025-05-14 11:00:16,12,sad,0.0,sad,0.8595573306083679
2025-05-14 11:00:17,12,sad,0,ang,0.0
2025-05-14 11:00:19,12,neutral,0,ang,0.6171667575836182
2025-05-14 11:00:20,12,sad,0,hap,0.0
2025-05-14 11:00:21,12,neutral,0,hap,0.0
2025-05-14 11:00:22,12,sad,0,hap,0.0
2025-05-14 11:00:23,12,neutral,0,hap,0.0
2025-05-14 11:00:25,12,neutral,0,hap,0.5140113234519958
2025-05-14 11:00:26,12,neutral,0,neu,0.0
2025-05-14 11:00:28,12,neutral,0,neu,0.40586090087890625
2025-05-14 11:00:29,12,neutral,0,hap,0.0
2025-05-14 11:00:31,12,neutral,0,hap,0.8046271204948425
2025-05-14 11:00:32,12,neutral,0,neu,0.0
2025-05-14 11:00:33,12,neutral,0,neu,0.0
2025-05-14 11:00:34,12,neutral,0,neu,0.0
2025-05-14 11:00:36,12,neutral,0,neu,0.0
2025-05-14 11:00:37,12,neutral,0,neu,0.0
2025-05-14 11:00:39,12,neutral,0,neu,0.0
2025-05-14 11:00:40,12,neutral,0,neu,0.0
2025-05-14 11:00:41,12,neutral,0,neu,0.0
2025-05-14 11:00:43,12,neutral,0,neu,0.542259156703949
2025-05-14 11:00:44,12,fear,0.0,ang,0.0
2025-05-14 11:00:46,12,fear,98.41356268009918,ang,0.9378215074539185
2025-05-14 11:00:47,12,fear,34.40412766884236,neu,0.0
2025-05-14 11:00:48,12,fear,92.37814545631409,neu,0.0
2025-05-14 11:00:49,12,fear,96.40033223630978,neu,0.0
2025-05-14 11:00:50,12,fear,98.03793430328369,neu,0.0
2025-05-14 11:00:52,12,fear,0.0,neu,0.5477158427238464
2025-05-14 11:00:53,12,fear,0,ang,0.0
2025-05-14 11:00:54,12,fear,0,ang,0.0
2025-05-14 11:00:55,12,neutral,0,ang,0.0
2025-05-14 11:00:57,12,fear,0,ang,0.0
2025-05-14 11:00:58,12,sad,0,ang,0.0
2025-05-14 11:00:59,12,neutral,0,ang,0.0
2025-05-14 11:01:01,12,sad,0,ang,0.9873630404472351
2025-05-14 11:01:02,12,sad,0.0,hap,0.0
2025-05-14 11:01:03,12,sad,94.82005834579468,hap,0.0
2025-05-14 11:01:04,12,neutral,74.9601423740387,hap,0.0
2025-05-14 11:01:05,12,neutral,0.0,hap,0.0
2025-05-14 11:01:07,12,neutral,81.28840327262878,hap,0.6923616528511047
2025-05-14 11:01:08,12,fear,69.84825134277344,neu,0.0
2025-05-14 11:01:10,12,fear,0.0,neu,0.44880247116088867
2025-05-14 11:01:11,12,fear,0.0,ang,0.0
2025-05-14 11:01:12,12,sad,90.65678119659424,ang,0.0
2025-05-14 11:01:13,12,neutral,0.0,ang,0.0
2025-05-14 11:01:14,12,neutral,0.0,ang,0.0
2025-05-14 11:01:16,12,neutral,99.46841597557068,ang,0.5865514874458313
2025-05-14 11:01:17,12,neutral,98.84238839149475,ang,0.0
2025-05-14 11:01:18,12,neutral,96.2841808795929,ang,0.0
2025-05-14 11:01:19,12,neutral,0.0,ang,0.0
2025-05-14 11:01:20,12,neutral,0.0,ang,0.0
2025-05-14 11:01:22,12,sad,0.0,ang,0.9143149256706238
2025-05-14 11:01:23,12,neutral,0,hap,0.0
2025-05-14 11:01:24,12,sad,0,hap,0.0
2025-05-14 11:01:25,12,sad,0,hap,0.0
2025-05-14 11:01:27,12,sad,0,hap,0.0
2025-05-14 11:01:28,12,sad,0,hap,0.0
2025-05-14 11:01:29,12,sad,0,hap,0.0
2025-05-14 11:01:31,12,sad,0,hap,0.9443307518959045
2025-05-14 11:01:32,12,sad,0.0,hap,0.0
2025-05-14 11:01:33,12,neutral,48.91900718212128,hap,0.0
2025-05-14 11:01:34,12,neutral,0.0,hap,0.0
2025-05-14 11:01:35,12,neutral,0.0,hap,0.0
2025-05-14 11:01:37,12,neutral,98.94402020835997,hap,0.9717132449150085
2025-05-14 11:01:38,12,sad,89.57242245345384,hap,0.0
2025-05-14 11:01:39,12,neutral,96.74070477485657,hap,0.0
2025-05-14 11:01:40,12,sad,0.0,hap,0.0
2025-05-14 11:01:42,12,sad,0.0,hap,0.0
2025-05-14 11:01:43,12,neutral,0.0,hap,0.0
2025-05-14 11:01:44,12,neutral,0.0,hap,0.0
2025-05-14 11:01:46,12,neutral,0.0,hap,0.7494643330574036
2025-05-14 11:01:47,12,neutral,0.0,ang,0.0
2025-05-14 11:01:48,12,neutral,0.0,ang,0.0
2025-05-14 11:01:49,12,neutral,0.0,ang,0.0
2025-05-14 11:01:50,12,neutral,0.0,ang,0.0
2025-05-14 11:01:52,12,neutral,92.09508895874023,ang,0.7171502113342285
2025-05-14 11:01:53,12,neutral,99.9542236328125,hap,0.0
2025-05-14 11:01:54,12,neutral,86.17928624153137,hap,0.0
2025-05-14 11:01:55,12,fear,0.0,hap,0.0
2025-05-14 11:01:56,12,neutral,98.92198456263726,hap,0.0
2025-05-14 11:01:58,12,neutral,87.45722920212397,hap,0.8047694563865662
2025-05-14 11:01:59,12,neutral,66.06780886650085,hap,0.0
2025-05-14 11:02:01,12,neutral,0.0,hap,0.9554131627082825
2025-05-14 11:02:02,12,neutral,0,hap,0.0
2025-05-14 11:02:03,12,neutral,0,hap,0.0
2025-05-14 11:02:04,12,neutral,0,hap,0.0
2025-05-14 11:02:05,12,sad,0,hap,0.0
2025-05-14 11:02:07,12,sad,0,hap,0.765718400478363
2025-05-14 11:02:08,12,neutral,0.0,ang,0.0
2025-05-14 11:02:09,12,neutral,86.00152134895325,ang,0.0
2025-05-14 11:02:10,12,neutral,0.0,ang,0.0
2025-05-14 11:02:12,12,happy,0.0,ang,0.0
2025-05-14 11:02:13,12,happy,0.0,ang,0.0
2025-05-14 11:02:14,12,neutral,0.0,ang,0.0
2025-05-14 11:02:16,12,neutral,49.78203773498535,ang,0.9430599808692932
2025-05-14 11:02:17,12,neutral,97.0680832862854,hap,0.0
2025-05-14 11:02:19,12,happy,0.0,hap,0.7385751605033875
2025-05-14 11:02:20,12,neutral,0,hap,0.0
2025-05-14 11:02:22,12,neutral,0,hap,0.917361855506897
2025-05-14 11:02:23,12,neutral,0.0,ang,0.0
2025-05-14 11:02:24,12,neutral,0.0,ang,0.0
2025-05-14 11:02:25,12,neutral,0.0,ang,0.0
2025-05-14 11:02:26,12,sad,0.0,ang,0.0
2025-05-14 11:02:28,12,neutral,96.73177003860474,ang,0.5412983298301697
2025-05-14 11:02:29,12,fear,53.46292812074088,hap,0.0
2025-05-14 11:02:31,12,neutral,0.0,hap,0.725737988948822
2025-05-14 11:02:32,12,neutral,0,ang,0.0
2025-05-14 11:02:33,12,sad,0,ang,0.0
2025-05-14 11:02:34,12,neutral,0,ang,0.0
2025-05-14 11:02:35,12,neutral,0,ang,0.0
2025-05-14 11:02:37,12,neutral,0,ang,0.8237307667732239
2025-05-14 11:02:38,12,neutral,0,ang,0.0
2025-05-14 11:02:40,12,neutral,0,ang,0.4855253994464874
2025-05-14 11:02:41,12,neutral,0.0,neu,0.0
2025-05-14 11:02:42,12,neutral,0.0,neu,0.0
2025-05-14 11:02:43,12,neutral,0.0,neu,0.0
2025-05-14 11:02:44,12,neutral,0.0,neu,0.0
2025-05-14 11:02:46,12,neutral,99.21466717545185,neu,0.49653398990631104
2025-05-14 11:02:47,12,neutral,83.80765318870544,ang,0.0
2025-05-14 11:02:48,12,neutral,99.61557988934757,ang,0.0
2025-05-14 11:02:49,12,neutral,0.0,ang,0.0
2025-05-14 11:02:50,12,neutral,0.0,ang,0.0
2025-05-14 11:02:52,12,neutral,75.88958144187927,ang,0.5859690308570862
2025-05-14 11:02:53,12,neutral,98.44045629742482,ang,0.0
2025-05-14 11:02:54,12,neutral,64.28026982781054,ang,0.0
2025-05-14 11:02:55,12,neutral,97.75652885437012,ang,0.0
2025-05-14 11:02:56,12,neutral,0.0,ang,0.0
2025-05-14 11:02:58,12,neutral,99.73817467689514,ang,0.9920957684516907
2025-05-14 11:02:59,12,neutral,99.80993866920471,hap,0.0
2025-05-14 11:03:00,12,neutral,99.71151351928711,hap,0.0
2025-05-14 11:03:01,12,neutral,0.0,hap,0.0
2025-05-14 11:03:02,12,neutral,0.0,hap,0.0
2025-05-14 11:03:04,12,neutral,97.37765820292732,hap,0.9072603583335876
2025-05-14 11:03:05,12,neutral,99.47388169013749,ang,0.0
2025-05-14 11:03:07,12,neutral,0.0,ang,0.5907176733016968
2025-05-14 11:03:08,12,neutral,0,ang,0.0
2025-05-14 11:03:10,12,fear,0,ang,0.9474694132804871
2025-05-14 11:03:11,12,sad,0.0,ang,0.0
2025-05-14 11:03:13,12,fear,92.64506697654724,ang,0.6712592840194702
2025-05-14 11:03:14,12,fear,49.72006976604462,hap,0.0
2025-05-14 11:03:15,12,sad,48.00784575985943,hap,0.0
2025-05-14 11:03:16,12,fear,57.76935815811157,hap,0.0
2025-05-14 11:03:17,12,fear,0.0,hap,0.0
2025-05-14 11:03:19,12,fear,64.0527069568634,hap,0.947796106338501
2025-05-14 11:03:20,12,neutral,56.169188022613525,ang,0.0
2025-05-14 11:03:21,12,sad,64.92376118443973,ang,0.0
2025-05-14 11:03:22,12,fear,92.59142279624939,ang,0.0
2025-05-14 11:03:23,12,sad,0.0,ang,0.0
2025-05-14 11:03:25,12,neutral,0.0,ang,0.5363181829452515
2025-05-14 11:03:26,12,neutral,0,neu,0.0
2025-05-14 11:03:28,12,neutral,0,neu,0.6233139038085938
2025-05-14 11:03:29,12,neutral,0.0,ang,0.0
2025-05-14 11:03:30,12,sad,0.0,ang,0.0
2025-05-14 11:03:31,12,neutral,0.0,ang,0.0
2025-05-14 11:03:32,12,neutral,0.0,ang,0.0
2025-05-14 11:03:34,12,neutral,98.65999213814689,ang,0.9047935605049133
2025-05-14 11:03:35,12,neutral,69.11597663855413,hap,0.0
2025-05-14 11:03:36,12,sad,65.42656421661377,hap,0.0
2025-05-14 11:03:37,12,neutral,0.0,hap,0.0
2025-05-14 11:03:39,12,neutral,0.0,hap,0.0
2025-05-14 11:03:40,12,neutral,0.0,hap,0.0
2025-05-14 11:03:41,12,neutral,0.0,hap,0.0
2025-05-14 11:03:43,12,neutral,0.0,hap,0.5639023780822754
2025-05-14 11:03:44,12,neutral,0.0,ang,0.0
2025-05-14 11:03:46,12,neutral,94.7916862244419,ang,0.8486124873161316
2025-05-14 11:03:47,12,neutral,94.62174741159365,ang,0.0
2025-05-14 11:03:48,12,neutral,95.18532156944275,ang,0.0
2025-05-14 11:03:49,12,neutral,0.0,ang,0.0
2025-05-14 11:03:50,12,neutral,98.0608344078064,ang,0.0
2025-05-14 11:03:52,12,fear,99.26576018333435,ang,0.8702776432037354
2025-05-14 11:03:53,12,neutral,88.2238738670274,neu,0.0
2025-05-14 11:03:54,12,neutral,99.51634412809085,neu,0.0
2025-05-14 11:03:55,12,neutral,0.0,neu,0.0
2025-05-14 11:03:57,12,neutral,0.0,neu,0.0
2025-05-14 11:03:58,12,neutral,0.0,neu,0.0
2025-05-14 11:03:59,12,sad,0.0,neu,0.0
2025-05-14 11:04:01,12,sad,0.0,neu,0.6939860582351685
2025-05-14 11:04:02,12,sad,0,ang,0.0
2025-05-14 11:04:04,12,sad,0,ang,0.7004062533378601
2025-05-14 11:04:05,12,neutral,0.0,hap,0.0
2025-05-14 11:04:07,12,neutral,87.56866603271175,hap,0.410197377204895
2025-05-14 11:04:08,12,sad,81.06542229652405,hap,0.0
2025-05-14 11:04:10,12,neutral,0.0,hap,0.8219991326332092
2025-05-14 11:04:11,12,fear,0.0,hap,0.0
2025-05-14 11:04:13,12,fear,48.1202632188797,hap,0.7047718167304993
2025-05-14 11:04:14,12,neutral,76.63391828536987,ang,0.0
2025-05-14 11:04:15,12,neutral,67.97264027432443,ang,0.0
2025-05-14 11:04:16,12,fear,0.0,ang,0.0
2025-05-14 11:04:18,12,neutral,0.0,ang,0.0
2025-05-14 11:04:19,12,neutral,0.0,ang,0.0
2025-05-14 11:04:20,12,sad,0.0,ang,0.0
2025-05-14 11:04:22,12,neutral,96.51297310072023,ang,0.7319145202636719
2025-05-14 11:04:23,12,neutral,51.05746388435364,hap,0.0
2025-05-14 11:04:25,12,sad,0.0,hap,0.9090133309364319
2025-05-14 11:04:26,12,neutral,0.0,hap,0.0
2025-05-14 11:04:27,12,fear,37.507067619911716,hap,0.0
2025-05-14 11:04:28,12,happy,0.0,hap,0.0
2025-05-14 11:04:30,12,neutral,0.0,hap,0.0
2025-05-14 11:04:31,12,neutral,0.0,hap,0.0
2025-05-14 11:04:32,12,neutral,0.0,hap,0.0
2025-05-14 11:04:34,12,neutral,97.25930127390608,hap,0.9052674174308777
2025-05-14 11:04:35,12,neutral,92.05676411905716,ang,0.0
2025-05-14 11:04:36,12,neutral,98.87041436081104,ang,0.0
2025-05-14 11:04:37,12,neutral,98.67441050257746,ang,0.0
2025-05-14 11:04:38,12,sad,0.0,ang,0.0
2025-05-14 11:04:40,12,sad,94.3404323648891,ang,0.6682107448577881
2025-05-14 11:04:41,12,sad,89.26572139654883,hap,0.0
2025-05-14 11:04:42,12,sad,77.7959850077647,hap,0.0
2025-05-14 11:04:43,12,neutral,0.0,hap,0.0
2025-05-14 11:04:44,12,neutral,79.96141910552979,hap,0.0
2025-05-14 11:04:46,12,neutral,93.56192312013644,hap,0.6992613673210144
2025-05-14 11:04:47,12,neutral,98.20066094398499,hap,0.0
2025-05-14 11:04:49,12,neutral,0.0,hap,0.6728128790855408
2025-05-14 11:04:50,12,neutral,0.0,hap,0.0
2025-05-14 11:04:51,12,neutral,0.0,hap,0.0
2025-05-14 11:04:52,12,neutral,0.0,hap,0.0
2025-05-14 11:04:54,12,neutral,0.0,hap,0.0
2025-05-14 11:04:55,12,neutral,99.59620833396912,hap,0.0
2025-05-14 11:04:57,12,neutral,0.0,hap,0.0
2025-05-14 11:04:58,12,neutral,0.0,hap,0.0
2025-05-14 11:04:59,12,neutral,0.0,hap,0.0
2025-05-14 11:05:01,12,neutral,0.0,hap,0.9004360437393188
2025-05-14 11:05:02,12,neutral,0,hap,0.0
2025-05-14 11:05:03,12,neutral,0,hap,0.0
2025-05-14 11:05:04,12,neutral,0,hap,0.0
2025-05-14 11:05:06,12,neutral,0,hap,0.0
2025-05-14 11:05:07,12,neutral,0,hap,0.0
2025-05-14 11:05:08,12,neutral,0,hap,0.0
2025-05-14 11:05:10,12,neutral,0,hap,0.876134991645813
2025-05-14 11:05:11,12,neutral,0,hap,0.0
2025-05-14 11:05:12,12,neutral,0,hap,0.0
2025-05-14 11:05:13,12,neutral,0,hap,0.0
2025-05-14 11:05:15,12,neutral,0,hap,0.0
2025-05-14 11:05:16,12,neutral,0,hap,0.0
2025-05-14 11:05:17,12,neutral,0,hap,0.0
2025-05-14 11:05:19,12,neutral,0,hap,0.8216562271118164
2025-05-14 11:05:20,12,neutral,0.0,hap,0.0
2025-05-14 11:05:22,12,neutral,78.92723679542542,hap,0.48518696427345276
2025-05-14 11:05:23,12,neutral,95.85315585136414,hap,0.0
2025-05-14 11:05:24,12,neutral,98.48527312278748,hap,0.0
2025-05-14 11:05:25,12,neutral,96.93126678466797,hap,0.0
2025-05-14 11:05:26,12,neutral,96.2503731250763,hap,0.0
2025-05-14 11:05:28,12,neutral,0.0,hap,0.5574156641960144
2025-05-14 11:05:29,12,neutral,0.0,sad,0.0
2025-05-14 11:05:31,12,neutral,97.84906506538391,sad,0.9310340285301208
2025-05-14 11:05:32,12,neutral,99.38702583312988,hap,0.0
2025-05-14 11:05:34,12,sad,0.0,hap,0.7652528882026672
2025-05-14 11:05:35,12,neutral,0.0,ang,0.0
2025-05-14 11:05:37,12,neutral,99.82396364212036,ang,0.9742674231529236
2025-05-14 11:05:38,12,neutral,99.33688044548035,sad,0.0
2025-05-14 11:05:40,12,neutral,0.0,sad,0.6091200113296509
2025-05-14 11:05:41,12,neutral,0.0,hap,0.0
2025-05-14 11:05:43,12,sad,89.63211898420823,hap,0.86279296875
2025-05-14 11:05:44,12,neutral,96.52190187703978,ang,0.0
2025-05-14 11:05:46,12,sad,0.0,ang,0.7456225156784058
2025-05-14 11:05:47,12,sad,0.0,neu,0.0
2025-05-14 11:05:48,12,sad,96.95603251457214,neu,0.0
2025-05-14 11:05:49,12,neutral,56.570637226104736,neu,0.0
2025-05-14 11:05:50,12,sad,0.0,neu,0.0
2025-05-14 11:05:52,12,sad,77.7187705039978,neu,0.5112043619155884
2025-05-14 11:05:53,12,neutral,75.48886391454124,ang,0.0
2025-05-14 11:05:54,12,neutral,62.13825119365759,ang,0.0
2025-05-14 11:05:55,12,sad,0.0,ang,0.0
2025-05-14 11:05:57,12,sad,0.0,ang,0.0
2025-05-14 11:05:58,12,sad,0.0,ang,0.0
2025-05-14 11:05:59,12,neutral,94.03160285572972,ang,0.0
2025-05-14 11:06:01,12,neutral,0.0,ang,0.8045697808265686
2025-05-14 11:06:02,12,neutral,0,hap,0.0
2025-05-14 11:06:04,12,neutral,0,hap,0.7458422780036926
2025-05-14 11:06:05,12,neutral,0.0,hap,0.0
2025-05-14 11:06:06,12,neutral,85.76345870059237,hap,0.0
2025-05-14 11:06:07,12,neutral,0.0,hap,0.0
2025-05-14 11:06:09,12,neutral,0.0,hap,0.0
2025-05-14 11:06:10,12,neutral,0.0,hap,0.0
2025-05-14 11:06:11,12,neutral,0.0,hap,0.0
2025-05-14 11:06:13,12,neutral,84.54928398132324,hap,0.9423187375068665
2025-05-14 11:06:14,12,neutral,94.89848078507414,hap,0.0
2025-05-14 11:06:16,12,neutral,0.0,hap,0.565108597278595
2025-05-14 11:06:17,12,neutral,0.0,hap,0.0
2025-05-14 11:06:18,12,neutral,0.0,hap,0.0
2025-05-14 11:06:19,12,neutral,0.0,hap,0.0
2025-05-14 11:06:20,12,neutral,0.0,hap,0.0
2025-05-14 11:06:22,12,neutral,99.06794428825378,hap,0.9615355134010315
2025-05-14 11:06:23,12,neutral,78.02165615687706,ang,0.0
2025-05-14 11:06:24,12,neutral,93.7839623560883,ang,0.0
2025-05-14 11:06:25,12,neutral,0.0,ang,0.0
2025-05-14 11:06:26,12,neutral,91.59597158432007,ang,0.0
2025-05-14 11:06:28,12,neutral,80.11353611946106,ang,0.535032331943512
2025-05-14 11:06:29,12,sad,61.16015778062847,ang,0.0
2025-05-14 11:06:30,12,fear,75.74895331251065,ang,0.0
2025-05-14 11:06:31,12,sad,0.0,ang,0.0
2025-05-14 11:06:32,12,neutral,76.1772871017456,ang,0.0
2025-05-14 11:06:34,12,fear,98.46158623695374,ang,0.6740615963935852
2025-05-14 11:06:35,12,neutral,89.03555870056152,ang,0.0
2025-05-14 11:06:37,12,fear,0.0,ang,0.9764719605445862
2025-05-14 11:06:38,12,fear,0,ang,0.0
2025-05-14 11:06:39,12,sad,0,ang,0.0
2025-05-14 11:06:40,12,fear,0,ang,0.0
2025-05-14 11:06:42,12,fear,0,ang,0.0
2025-05-14 11:06:43,12,fear,0,ang,0.0
2025-05-14 11:06:44,12,fear,0,ang,0.0
2025-05-14 11:06:46,12,fear,0,ang,0.9346837401390076
2025-05-14 11:06:47,12,neutral,0.0,hap,0.0
2025-05-14 11:06:48,12,fear,82.48373165629695,hap,0.0
2025-05-14 11:06:49,12,fear,0.0,hap,0.0
2025-05-14 11:06:50,12,fear,0.0,hap,0.0
2025-05-14 11:06:52,12,fear,84.50484275817871,hap,0.8687382936477661
2025-05-14 11:06:53,12,fear,92.91402059280995,neu,0.0
2025-05-14 11:06:55,12,fear,0.0,neu,0.9331533312797546
2025-05-14 11:06:56,12,fear,0.0,neu,0.0
2025-05-14 11:06:58,12,sad,62.41947412490845,neu,0.4054839313030243
2025-05-14 11:06:59,12,fear,80.95763325691223,ang,0.0
2025-05-14 11:07:00,12,surprise,50.99703061616056,ang,0.0
2025-05-14 11:07:01,12,fear,0.0,ang,0.0
2025-05-14 11:07:02,12,surprise,65.25534987449646,ang,0.0
2025-05-14 11:07:04,12,fear,99.20743103071636,ang,0.516337513923645
2025-05-14 11:07:05,12,fear,99.81533887203469,hap,0.0
2025-05-14 11:07:07,12,fear,0.0,hap,0.5118770003318787
2025-05-14 11:07:08,12,fear,0.0,ang,0.0
2025-05-14 11:07:09,12,fear,97.6585865020752,ang,0.0
2025-05-14 11:07:10,12,fear,0.0,ang,0.0
2025-05-14 11:07:11,12,fear,73.79000186920166,ang,0.0
2025-05-14 11:07:13,12,angry,31.28378577731763,ang,0.8557296991348267
2025-05-14 11:07:14,12,happy,46.59627377986908,hap,0.0
2025-05-14 11:07:15,12,fear,90.535415347169,hap,0.0
2025-05-14 11:07:16,12,fear,0.0,hap,0.0
2025-05-14 11:07:18,12,fear,0.0,hap,0.0
2025-05-14 11:07:19,12,fear,0.0,hap,0.0
2025-05-14 11:07:20,12,fear,0.0,hap,0.0
2025-05-14 11:07:22,12,fear,90.67209959030151,hap,0.9919804334640503
2025-05-14 11:07:23,12,fear,96.91652655601501,hap,0.0
2025-05-14 11:07:25,12,fear,0.0,hap,0.573495090007782
2025-05-14 11:07:26,12,fear,0.0,hap,0.0
2025-05-14 11:07:28,12,fear,86.76716527547423,hap,0.7272900938987732
2025-05-14 11:07:29,12,fear,85.91111898422241,ang,0.0
2025-05-14 11:07:31,12,angry,0.0,ang,0.9798377156257629
2025-05-14 11:07:32,12,happy,0.0,sad,0.0
2025-05-14 11:07:34,12,fear,54.528528451919556,sad,0.690731406211853
2025-05-14 11:07:35,12,sad,83.35683941841125,hap,0.0
2025-05-14 11:07:36,12,sad,60.071692471009044,hap,0.0
2025-05-14 11:07:37,12,sad,0.0,hap,0.0
2025-05-14 11:07:38,12,neutral,72.69188165664673,hap,0.0
2025-05-14 11:07:40,12,fear,84.44660305976868,hap,0.7656645774841309
2025-05-14 11:07:41,12,fear,92.95557141304016,hap,0.0
2025-05-14 11:07:43,12,happy,0.0,hap,0.9071896076202393
2025-05-14 11:07:44,12,happy,0,neu,0.0
2025-05-14 11:07:45,12,happy,0,neu,0.0
2025-05-14 11:07:46,12,neutral,0,neu,0.0
2025-05-14 11:07:47,12,happy,0,neu,0.0
2025-05-14 11:07:49,12,happy,0,neu,0.478602796792984
2025-05-14 11:07:50,12,happy,0.0,neu,0.0
2025-05-14 11:07:51,12,happy,99.9712884426117,neu,0.0
2025-05-14 11:07:52,12,happy,0.0,neu,0.0
2025-05-14 11:07:53,12,fear,71.01865065320142,neu,0.0
2025-05-14 11:07:55,12,fear,93.94199848175049,neu,0.6704836487770081
2025-05-14 11:07:56,12,fear,80.9059954769606,hap,0.0
2025-05-14 11:07:58,12,fear,0.0,hap,0.9826420545578003
2025-05-14 11:07:59,12,fear,0.0,hap,0.0
2025-05-14 11:08:01,12,fear,69.15415341580828,hap,0.6734861135482788
2025-05-14 11:08:02,12,fear,89.89421665037969,hap,0.0
2025-05-14 11:08:04,12,fear,0.0,hap,0.6606892943382263
2025-05-14 11:08:05,12,fear,0,neu,0.0
2025-05-14 11:08:07,12,fear,0,neu,0.6032424569129944
2025-05-14 11:08:08,12,angry,0.0,hap,0.0
2025-05-14 11:08:09,12,happy,0.0,hap,0.0
2025-05-14 11:08:10,12,fear,0.0,hap,0.0
2025-05-14 11:08:12,12,surprise,0.0,hap,0.0
2025-05-14 11:08:13,12,angry,0.0,hap,0.0
2025-05-14 11:08:15,12,fear,0.0,hap,0.0
2025-05-14 11:08:16,12,fear,0.0,hap,0.0
2025-05-14 11:08:17,12,fear,89.48199874377265,hap,0.0
2025-05-14 11:08:18,12,fear,97.62123808987367,hap,0.0
2025-05-14 11:08:19,12,surprise,0.0,hap,0.0
2025-05-14 11:08:20,12,fear,82.47161894698368,hap,0.0
2025-05-14 11:08:22,12,fear,97.92118656165519,hap,0.7975742816925049
2025-05-14 11:08:23,12,neutral,82.37087726593018,hap,0.0
2025-05-14 11:08:24,12,neutral,88.28206062316895,hap,0.0
2025-05-14 11:08:25,12,fear,0.0,hap,0.0
2025-05-14 11:08:26,12,fear,78.18872592583585,hap,0.0
2025-05-14 11:08:28,12,neutral,38.37360441684723,hap,0.9874494075775146
2025-05-14 11:08:29,12,fear,96.13547921180725,hap,0.0
2025-05-14 11:08:30,12,neutral,92.1010489524036,hap,0.0
2025-05-14 11:08:31,12,sad,89.6655261516571,hap,0.0
2025-05-14 11:08:32,12,sad,0.0,hap,0.0
2025-05-14 11:08:34,12,neutral,76.23282358255105,hap,0.9594435691833496
2025-05-14 11:08:35,12,neutral,50.11674760380416,ang,0.0
2025-05-14 11:08:37,12,neutral,0.0,ang,0.9326031804084778
2025-05-14 11:08:38,12,fear,0.0,ang,0.0
2025-05-14 11:08:40,12,fear,72.81202349806112,ang,0.9249866008758545
2025-05-14 11:08:41,12,fear,95.35344894487274,ang,0.0
2025-05-14 11:08:43,12,fear,0.0,ang,0.8667137622833252
2025-05-14 11:08:44,12,fear,0.0,ang,0.0
2025-05-14 11:08:45,12,fear,0.0,ang,0.0
2025-05-14 11:08:46,12,fear,0.0,ang,0.0
2025-05-14 11:08:47,12,fear,0.0,ang,0.0
2025-05-14 11:08:49,12,fear,75.8021891117096,ang,0.7823848128318787
2025-05-14 11:08:50,12,fear,34.67627465724945,ang,0.0
2025-05-14 11:08:52,12,neutral,0.0,ang,0.9372068047523499
2025-05-14 11:08:53,12,surprise,0,ang,0.0
2025-05-14 11:08:54,12,fear,0,ang,0.0
2025-05-14 11:08:55,12,fear,0,ang,0.0
2025-05-14 11:08:57,12,fear,0,ang,0.0
2025-05-14 11:08:58,12,fear,0,ang,0.0
2025-05-14 11:08:59,12,sad,0,ang,0.0
2025-05-14 11:09:01,12,fear,0,ang,0.9198191165924072
2025-05-14 11:09:02,12,fear,0,neu,0.0
2025-05-14 11:09:03,12,fear,0,neu,0.0
2025-05-14 11:09:04,12,fear,0,neu,0.0
2025-05-14 11:09:05,12,fear,0,neu,0.0
2025-05-14 11:09:07,12,fear,0,neu,0.5135983228683472
2025-05-14 11:09:08,12,fear,0.0,ang,0.0
2025-05-14 11:09:09,12,fear,0.0,ang,0.0
2025-05-14 11:09:10,12,fear,0.0,ang,0.0
2025-05-14 11:09:11,12,fear,98.60468523446498,ang,0.0
2025-05-14 11:09:13,12,fear,0.0,ang,0.48643678426742554
2025-05-14 11:09:14,12,sad,0.0,ang,0.0
2025-05-14 11:09:16,12,sad,77.02604532241821,ang,0.5496981143951416
2025-05-14 11:09:17,12,sad,88.66893514024439,hap,0.0
2025-05-14 11:09:18,12,fear,93.28970313072205,hap,0.0
2025-05-14 11:09:19,12,sad,0.0,hap,0.0
2025-05-14 11:09:21,12,neutral,0.0,hap,0.0
2025-05-14 11:09:22,12,happy,0.0,hap,0.0
2025-05-14 11:09:24,12,neutral,0.0,hap,0.0
2025-05-14 11:09:25,12,neutral,0.0,hap,0.0
2025-05-14 11:09:27,12,neutral,0.0,hap,0.0
2025-05-14 11:09:28,12,neutral,0.0,hap,0.0
2025-05-14 11:09:29,12,neutral,0.0,hap,0.0
2025-05-14 11:09:31,12,neutral,81.85508143038042,hap,0.9285081624984741
2025-05-14 11:09:32,12,happy,91.70244932174683,hap,0.0
2025-05-14 11:09:34,12,happy,0.0,hap,0.894090473651886
2025-05-14 11:09:35,12,happy,0,ang,0.0
2025-05-14 11:09:37,12,neutral,0,ang,0.7060757279396057
2025-05-14 11:09:38,12,neutral,0,hap,0.0
2025-05-14 11:09:40,12,sad,0,hap,0.5125712156295776
2025-05-14 11:09:41,12,sad,0.0,ang,0.0
2025-05-14 11:09:42,12,neutral,81.63573145866394,ang,0.0
2025-05-14 11:09:43,12,sad,0.0,ang,0.0
2025-05-14 11:09:45,12,sad,0.0,ang,0.0
2025-05-14 11:09:46,12,neutral,0.0,ang,0.0
2025-05-14 11:09:47,12,neutral,0.0,ang,0.0
2025-05-14 11:09:49,12,sad,83.17220411632012,ang,0.91465824842453
2025-05-14 11:09:50,12,sad,63.878875970840454,hap,0.0
2025-05-14 11:09:52,12,neutral,0.0,hap,0.6146508455276489
2025-05-14 11:09:53,12,neutral,0.0,hap,0.0
2025-05-14 11:09:55,12,sad,91.56638383865356,hap,0.9501229524612427
2025-05-14 11:09:56,12,neutral,84.7854366770647,hap,0.0
2025-05-14 11:09:57,12,neutral,86.33794784545898,hap,0.0
2025-05-14 11:09:58,12,neutral,79.82791662216187,hap,0.0
2025-05-14 11:09:59,12,sad,0.0,hap,0.0
2025-05-14 11:10:01,12,neutral,63.23161721229553,hap,0.9378669261932373
2025-05-14 11:10:02,12,sad,93.46917271614075,hap,0.0
2025-05-14 11:10:04,12,neutral,0.0,hap,0.980216920375824
2025-05-14 11:10:05,12,neutral,0.0,hap,0.0
2025-05-14 11:10:07,12,neutral,84.45655703544617,hap,0.9915106892585754
2025-05-14 11:10:08,12,neutral,62.12687943853385,hap,0.0
2025-05-14 11:10:10,12,neutral,0.0,hap,0.8635736107826233
2025-05-14 11:10:11,12,neutral,0.0,hap,0.0
2025-05-14 11:10:13,12,neutral,80.96072673797607,hap,0.902576744556427
2025-05-14 11:10:14,12,neutral,99.3452787399292,hap,0.0
2025-05-14 11:10:16,12,neutral,0.0,hap,0.8930867314338684
2025-05-14 11:10:17,12,neutral,0.0,ang,0.0
2025-05-14 11:10:18,12,neutral,0.0,ang,0.0
2025-05-14 11:10:19,12,neutral,0.0,ang,0.0
2025-05-14 11:10:20,12,neutral,92.35172958949451,ang,0.0
2025-05-14 11:10:22,12,neutral,0.0,ang,0.9594908952713013
2025-05-14 11:10:23,12,sad,0.0,hap,0.0
2025-05-14 11:10:24,12,neutral,0.0,hap,0.0
2025-05-14 11:10:25,12,neutral,0.0,hap,0.0
2025-05-14 11:10:26,12,neutral,0.0,hap,0.0
2025-05-14 11:10:28,12,neutral,91.69275115089125,hap,0.8469377160072327
2025-05-14 11:10:29,12,neutral,93.02113652229309,ang,0.0
2025-05-14 11:10:31,12,neutral,0.0,ang,0.9772300124168396
2025-05-14 11:10:32,12,neutral,0.0,ang,0.0
2025-05-14 11:10:34,12,neutral,94.80922880062714,ang,0.9744894504547119
2025-05-14 11:10:35,12,sad,43.40234994888306,ang,0.0
2025-05-14 11:10:37,12,sad,0.0,ang,0.7559654116630554
2025-05-14 11:10:38,12,sad,0.0,hap,0.0
2025-05-14 11:10:40,12,sad,88.9371395111084,hap,0.5631639957427979
2025-05-14 11:10:41,12,sad,99.92448092407216,ang,0.0
2025-05-14 11:10:43,12,sad,0.0,ang,0.9727864265441895
2025-05-14 11:10:44,12,neutral,0,ang,0.0
2025-05-14 11:10:45,12,neutral,0,ang,0.0
2025-05-14 11:10:46,12,neutral,0,ang,0.0
2025-05-14 11:10:47,12,fear,0,ang,0.0
2025-05-14 11:10:49,12,fear,0,ang,0.8747372627258301
2025-05-14 11:10:50,12,fear,0,hap,0.0
2025-05-14 11:10:52,12,happy,0,hap,0.4268527626991272
2025-05-14 11:10:53,12,happy,0.0,ang,0.0
2025-05-14 11:10:55,12,happy,99.99474287033081,ang,0.6909475922584534
2025-05-14 11:10:56,12,happy,99.99660849551013,hap,0.0
2025-05-14 11:10:57,12,happy,98.75521674690047,hap,0.0
2025-05-14 11:10:58,12,happy,0.0,hap,0.0
2025-05-14 11:10:59,12,happy,0.0,hap,0.0
2025-05-14 11:11:01,12,happy,98.37489128112793,hap,0.9818317890167236
2025-05-14 11:11:02,12,happy,96.06080031757357,hap,0.0
2025-05-14 11:11:04,12,neutral,0.0,hap,0.9998231530189514
2025-05-14 11:11:05,12,neutral,0.0,hap,0.0
2025-05-14 11:11:07,12,neutral,85.68963408470154,hap,0.9978220462799072
2025-05-14 11:11:08,12,neutral,90.76875448226929,hap,0.0
2025-05-14 11:11:09,12,happy,43.62978637218475,hap,0.0
2025-05-14 11:11:10,12,happy,0.0,hap,0.0
2025-05-14 11:11:11,12,happy,99.58851933479309,hap,0.0
2025-05-14 11:11:13,12,neutral,82.70854353904724,hap,0.9924963712692261
2025-05-14 11:11:14,12,happy,99.03077483177185,neu,0.0
2025-05-14 11:11:16,12,happy,0.0,neu,0.5232219099998474
2025-05-14 11:11:17,12,happy,0.0,hap,0.0
2025-05-14 11:11:19,12,happy,99.99511241912842,hap,0.6358330249786377
2025-05-14 11:11:20,12,happy,100.0,hap,0.0
2025-05-14 11:11:22,12,happy,0.0,hap,0.9984304308891296
2025-05-14 11:11:23,12,neutral,0.0,ang,0.0
2025-05-14 11:11:24,12,happy,67.84480618505515,ang,0.0
2025-05-14 11:11:25,12,neutral,48.046132922172546,ang,0.0
2025-05-14 11:11:26,12,neutral,96.33415981123926,ang,0.0
2025-05-14 11:11:27,12,neutral,86.96292638778687,ang,0.0
2025-05-14 11:11:28,12,sad,0.0,ang,0.0
2025-05-14 11:11:30,12,neutral,0.0,ang,0.0
2025-05-14 11:11:31,12,sad,0.0,ang,0.0
2025-05-14 11:11:32,12,happy,97.65823511383115,ang,0.0
2025-05-14 11:11:34,12,happy,0.0,ang,0.889626145362854
2025-05-14 11:11:35,12,happy,0.0,hap,0.0
2025-05-14 11:11:36,12,happy,0.0,hap,0.0
2025-05-14 11:11:37,12,happy,0.0,hap,0.0
2025-05-14 11:11:39,12,neutral,0.0,hap,0.0
2025-05-14 11:11:40,12,happy,0.0,hap,0.0
2025-05-14 11:11:41,12,happy,57.48242050618881,hap,0.0
2025-05-14 11:11:43,12,happy,0.0,hap,0.9640254378318787
2025-05-14 11:11:44,12,happy,0.0,neu,0.0
2025-05-14 11:11:45,12,happy,99.71920847892761,neu,0.0
2025-05-14 11:11:46,12,happy,0.0,neu,0.0
2025-05-14 11:11:47,12,happy,0.0,neu,0.0
2025-05-14 11:11:49,12,happy,0.0,neu,0.7179998755455017
2025-05-14 11:11:50,12,sad,0.0,ang,0.0
2025-05-14 11:11:51,12,neutral,0.0,ang,0.0
2025-05-14 11:11:52,12,happy,0.0,ang,0.0
2025-05-14 11:11:53,12,happy,0.0,ang,0.0
2025-05-14 11:11:55,12,happy,99.99999403953517,ang,0.8301506042480469
2025-05-14 11:11:56,12,happy,99.99974966049194,hap,0.0
2025-05-14 11:11:58,12,happy,0.0,hap,0.9386541843414307
2025-05-14 11:11:59,12,happy,0.0,hap,0.0
2025-05-14 11:12:00,12,happy,99.32005401373232,hap,0.0
2025-05-14 11:12:01,12,happy,0.0,hap,0.0
2025-05-14 11:12:02,12,happy,87.2690498828888,hap,0.0
2025-05-14 11:12:04,12,happy,75.78042005183816,hap,0.8628223538398743
2025-05-14 11:12:05,12,happy,91.92094206809998,neu,0.0
2025-05-14 11:12:07,12,happy,0.0,neu,0.5522618889808655
2025-05-14 11:12:08,12,sad,0.0,hap,0.0
2025-05-14 11:12:10,12,neutral,83.91467236963942,hap,0.9684262871742249
2025-05-14 11:12:11,12,neutral,78.27873826026917,neu,0.0
2025-05-14 11:12:13,12,neutral,0.0,neu,0.6325645446777344
2025-05-14 11:12:14,12,neutral,0.0,hap,0.0
2025-05-14 11:12:16,12,happy,56.85117244720459,hap,0.804629385471344
2025-05-14 11:12:17,12,happy,78.00142168998718,ang,0.0
2025-05-14 11:12:18,12,happy,99.89820122718811,ang,0.0
2025-05-14 11:12:19,12,happy,99.97584224035236,ang,0.0
2025-05-14 11:12:21,12,happy,0.0,ang,0.0
2025-05-14 11:12:22,12,happy,0.0,ang,0.0
2025-05-14 11:12:23,12,happy,0.0,ang,0.0
2025-05-14 11:12:25,12,neutral,61.08192073322287,ang,0.5130343437194824
2025-05-14 11:12:26,12,neutral,42.87903308868408,ang,0.0
2025-05-14 11:12:27,12,happy,93.96423029473189,ang,0.0
2025-05-14 11:12:28,12,happy,0.0,ang,0.0
2025-05-14 11:12:30,12,happy,0.0,ang,0.0
2025-05-14 11:12:31,12,happy,0.0,ang,0.0
2025-05-14 11:12:32,12,happy,0.0,ang,0.0
2025-05-14 11:12:34,12,happy,99.91142749258444,ang,0.4756661355495453
2025-05-14 11:12:35,12,fear,63.353705406188965,ang,0.0
2025-05-14 11:12:36,12,neutral,65.64070991984488,ang,0.0
2025-05-14 11:12:37,12,happy,0.0,ang,0.0
2025-05-14 11:12:38,12,happy,0.0,ang,0.0
2025-05-14 11:12:40,12,fear,61.587927436109034,ang,0.8149108290672302
2025-05-14 11:12:41,12,happy,82.47029080809897,hap,0.0
2025-05-14 11:12:42,12,happy,84.6334159374237,hap,0.0
2025-05-14 11:12:43,12,neutral,59.379683806933905,hap,0.0
2025-05-14 11:12:44,12,neutral,0.0,hap,0.0
2025-05-14 11:12:46,12,happy,94.49130296707153,hap,0.745693027973175
2025-05-14 11:12:47,12,happy,94.49130296707153,hap,0.0
2025-05-14 11:12:49,12,happy,0.0,hap,0.6077582836151123
2025-05-14 11:12:50,12,neutral,0,hap,0.0
2025-05-14 11:12:51,12,happy,0,hap,0.0
2025-05-14 11:12:52,12,happy,0,hap,0.0
2025-05-14 11:12:54,12,happy,0,hap,0.0
2025-05-14 11:12:55,12,fear,0,hap,0.0
2025-05-14 11:12:56,12,happy,0,hap,0.0
2025-05-14 11:12:58,12,neutral,0,hap,0.626496434211731
2025-05-14 11:12:59,12,neutral,0.0,hap,0.0
2025-05-14 11:13:01,12,happy,87.49191761016846,hap,0.6756201386451721
2025-05-14 11:13:02,12,happy,98.39832177152168,ang,0.0
2025-05-14 11:13:04,12,happy,0.0,ang,0.7873332500457764
2025-05-14 11:13:05,12,happy,0,ang,0.0
2025-05-14 11:13:07,12,happy,0,ang,0.9944633841514587
2025-05-14 11:13:08,12,happy,0.0,hap,0.0
2025-05-14 11:13:10,12,happy,91.11186861991882,hap,0.9988269209861755
2025-05-14 11:13:11,12,happy,90.32722653908888,neu,0.0
2025-05-14 11:13:12,12,happy,85.95799375081137,neu,0.0
2025-05-14 11:13:13,12,happy,0.0,neu,0.0
2025-05-14 11:13:15,12,happy,0.0,neu,0.0
2025-05-14 11:13:16,12,happy,0.0,neu,0.0
2025-05-14 11:13:17,12,happy,99.80747699737549,neu,0.0
2025-05-14 11:13:19,12,neutral,0.0,neu,0.5056996941566467
2025-05-14 11:13:20,12,fear,0.0,hap,0.0
2025-05-14 11:13:21,12,happy,87.10198325526615,hap,0.0
2025-05-14 11:13:22,12,happy,0.0,hap,0.0
2025-05-14 11:13:24,12,happy,0.0,hap,0.0
2025-05-14 11:13:25,12,happy,0.0,hap,0.0
2025-05-14 11:13:26,12,happy,0.0,hap,0.0
2025-05-14 11:13:28,12,neutral,0.0,hap,0.9977123737335205
2025-05-14 11:13:29,12,neutral,0.0,hap,0.0
2025-05-14 11:13:30,12,neutral,95.93296647071838,hap,0.0
2025-05-14 11:13:31,12,neutral,0.0,hap,0.0
2025-05-14 11:13:32,12,neutral,0.0,hap,0.0
2025-05-14 11:13:34,12,fear,64.32799100875854,hap,0.9477413296699524
2025-05-14 11:13:35,12,neutral,84.23066139221191,hap,0.0
2025-05-14 11:13:36,12,neutral,81.69168829917908,hap,0.0
2025-05-14 11:13:37,12,neutral,0.0,hap,0.0
2025-05-14 11:13:38,12,neutral,96.34581804275513,hap,0.0
2025-05-14 11:13:40,12,neutral,77.63082055678123,hap,0.9647623896598816
2025-05-14 11:13:41,12,happy,67.67619848251343,hap,0.0
2025-05-14 11:13:42,12,happy,62.35555410385132,hap,0.0
2025-05-14 11:13:43,12,happy,0.0,hap,0.0
2025-05-14 11:13:45,12,neutral,0.0,hap,0.0
2025-05-14 11:13:46,12,neutral,0.0,hap,0.0
2025-05-14 11:13:47,12,neutral,66.34693741798401,hap,0.0
2025-05-14 11:13:49,12,neutral,0.0,hap,0.970931351184845
2025-05-14 11:13:50,12,neutral,0.0,neu,0.0
2025-05-14 11:13:52,12,neutral,71.21968269348145,neu,0.41465964913368225
2025-05-14 11:13:53,12,neutral,64.14641737937927,hap,0.0
2025-05-14 11:13:54,12,happy,52.76333689689636,hap,0.0
2025-05-14 11:13:55,12,angry,0.0,hap,0.0
2025-05-14 11:13:57,12,sad,0.0,hap,0.0
2025-05-14 11:13:58,12,happy,0.0,hap,0.0
2025-05-14 11:14:00,12,happy,0.0,hap,0.0
2025-05-14 11:14:01,12,neutral,0.0,hap,0.0
2025-05-14 11:14:03,12,neutral,0.0,hap,0.0
2025-05-14 11:14:04,12,neutral,0.0,hap,0.0
2025-05-14 11:14:05,12,sad,0.0,hap,0.0
2025-05-14 11:14:07,12,happy,70.67462452347571,hap,0.9221880435943604
2025-05-14 11:14:08,12,neutral,50.33716563429423,hap,0.0
2025-05-14 11:14:10,12,happy,0.0,hap,0.9252167344093323
2025-05-14 11:14:11,12,neutral,0.0,hap,0.0
2025-05-14 11:14:12,12,neutral,0.0,hap,0.0
2025-05-14 11:14:13,12,neutral,0.0,hap,0.0
2025-05-14 11:14:14,12,neutral,0.0,hap,0.0
2025-05-14 11:14:16,12,happy,42.66476929187775,hap,0.9944422841072083
2025-05-14 11:14:17,12,happy,52.24161148071289,sad,0.0
2025-05-14 11:14:18,12,neutral,90.77393412590027,sad,0.0
2025-05-14 11:14:19,12,neutral,0.0,sad,0.0
2025-05-14 11:14:20,12,neutral,0.0,sad,0.0
2025-05-14 11:14:22,12,neutral,90.93203490567416,sad,0.5923944711685181
2025-05-14 11:14:23,12,neutral,62.58344054222107,neu,0.0
2025-05-14 11:14:25,12,happy,0.0,neu,0.38168781995773315
2025-05-14 11:14:26,12,happy,0.0,hap,0.0
2025-05-14 11:14:27,12,happy,98.49357026892062,hap,0.0
2025-05-14 11:14:28,12,neutral,99.89494681358337,hap,0.0
2025-05-14 11:14:29,12,sad,0.0,hap,0.0
2025-05-14 11:14:31,12,neutral,78.09058427810669,hap,0.8883489370346069
2025-05-14 11:14:32,12,neutral,73.05296063423157,hap,0.0
2025-05-14 11:14:33,12,neutral,71.41572662685672,hap,0.0
2025-05-14 11:14:34,12,neutral,0.0,hap,0.0
2025-05-14 11:14:36,12,neutral,0.0,hap,0.0
2025-05-14 11:14:37,12,neutral,0.0,hap,0.0
2025-05-14 11:14:38,12,neutral,74.4752287864685,hap,0.0
2025-05-14 11:14:40,12,neutral,0.0,hap,0.9347022771835327
2025-05-14 11:14:41,12,neutral,0,hap,0.0
2025-05-14 11:14:43,12,neutral,0,hap,0.664296567440033
2025-05-14 11:14:44,12,neutral,0.0,hap,0.0
2025-05-14 11:14:46,12,fear,89.1315930564161,hap,0.6779645681381226
2025-05-14 11:14:47,12,happy,38.46237659454346,hap,0.0
2025-05-14 11:14:49,12,neutral,0.0,hap,0.5802739262580872
2025-05-14 11:14:50,12,fear,0.0,sad,0.0
2025-05-14 11:14:52,12,fear,99.875009059906,sad,0.8041677474975586
2025-05-14 11:14:53,12,fear,99.9776780631926,ang,0.0
2025-05-14 11:14:54,12,fear,99.70608947909412,ang,0.0
2025-05-14 11:14:55,12,happy,0.0,ang,0.0
2025-05-14 11:14:57,12,happy,0.0,ang,0.0
2025-05-14 11:14:58,12,happy,0.0,ang,0.0
2025-05-14 11:14:59,12,fear,0.0,ang,0.0
2025-05-14 11:15:01,12,fear,94.6792360949061,ang,0.6726841330528259
2025-05-14 11:15:02,12,fear,92.15388251268163,hap,0.0
2025-05-14 11:15:04,12,fear,0.0,hap,0.7967508435249329
2025-05-14 11:15:05,12,happy,0.0,neu,0.0
2025-05-14 11:15:07,12,happy,99.9995648860672,neu,0.647805392742157
2025-05-14 11:15:08,12,happy,99.99994039535522,neu,0.0
2025-05-14 11:15:09,12,surprise,48.54806354928395,neu,0.0
2025-05-14 11:15:10,12,fear,0.0,neu,0.0
2025-05-14 11:15:11,12,happy,96.52616381645203,neu,0.0
2025-05-14 11:15:13,12,happy,96.52616381645203,neu,0.3993608057498932
2025-05-14 11:15:14,12,happy,96.52616381645203,hap,0.0
2025-05-14 11:15:16,12,happy,0.0,hap,0.8930246233940125
2025-05-14 11:15:17,12,happy,78.25029362739883,hap,0.0
2025-05-14 11:15:18,12,happy,78.25029362739883,hap,0.0
2025-05-14 11:15:19,12,happy,99.91004467010498,hap,0.0
2025-05-14 11:15:20,12,happy,0.0,hap,0.0
2025-05-14 11:15:22,12,happy,0.0,hap,0.9208753108978271
2025-05-14 11:15:23,12,happy,0.0,ang,0.0
2025-05-14 11:15:25,12,happy,99.99948740005493,ang,0.8849682807922363
2025-05-14 11:15:26,12,happy,99.90943670272827,ang,0.0
2025-05-14 11:15:28,12,angry,0.0,ang,0.9530330300331116
2025-05-14 11:15:29,12,fear,0.0,sad,0.0
2025-05-14 11:15:30,12,sad,72.70069392927813,sad,0.0
2025-05-14 11:15:31,12,neutral,0.0,sad,0.0
2025-05-14 11:15:33,12,fear,0.0,sad,0.0
2025-05-14 11:15:34,12,neutral,0.0,sad,0.0
2025-05-14 11:15:36,12,surprise,0.0,sad,0.0
2025-05-14 11:15:37,12,fear,0.0,sad,0.0
2025-05-14 11:15:38,12,sad,94.76429224014282,sad,0.0
2025-05-14 11:15:40,12,fear,59.8931610584259,sad,0.40240079164505005
2025-05-14 11:15:41,12,fear,72.30093910103673,hap,0.0
2025-05-14 11:15:42,12,fear,53.029369946793324,hap,0.0
2025-05-14 11:15:43,12,fear,0.0,hap,0.0
2025-05-14 11:15:44,12,sad,0.0,hap,0.0
2025-05-14 11:15:46,12,sad,0.0,hap,0.8540531396865845
2025-05-14 11:15:47,12,sad,0,ang,0.0
2025-05-14 11:15:49,12,sad,0,ang,0.9185461401939392
2025-05-14 11:15:50,12,sad,0.0,sad,0.0
2025-05-14 11:15:51,12,sad,0.0,sad,0.0
2025-05-14 11:15:52,12,sad,0.0,sad,0.0
2025-05-14 11:15:53,12,sad,0.0,sad,0.0
2025-05-14 11:15:55,12,sad,99.93437528219076,sad,0.9310681223869324
2025-05-14 11:15:56,12,sad,99.44322105903751,hap,0.0
2025-05-14 11:15:57,12,sad,97.20394611358643,hap,0.0
2025-05-14 11:15:58,12,sad,0.0,hap,0.0
2025-05-14 11:15:59,12,neutral,0.0,hap,0.0
2025-05-14 11:16:01,12,neutral,64.192795753479,hap,0.7355020642280579
2025-05-14 11:16:02,12,neutral,77.06822616268552,ang,0.0
2025-05-14 11:16:04,12,neutral,0.0,ang,0.9745088219642639
2025-05-14 11:16:05,12,neutral,0.0,hap,0.0
2025-05-14 11:16:07,12,sad,74.51900687927049,hap,0.4562776982784271
2025-05-14 11:16:08,12,neutral,84.85056161880493,hap,0.0
2025-05-14 11:16:09,12,sad,98.55422368968867,hap,0.0
2025-05-14 11:16:10,12,sad,0.0,hap,0.0
2025-05-14 11:16:11,12,sad,98.65937232971191,hap,0.0
2025-05-14 11:16:13,12,sad,99.63372945785522,hap,0.32495778799057007
2025-05-14 11:16:14,12,sad,37.89421021938324,ang,0.0
2025-05-14 11:16:15,12,sad,72.14953899383545,ang,0.0
2025-05-14 11:16:16,12,neutral,39.583659172058105,ang,0.0
2025-05-14 11:16:17,12,neutral,53.68452712112988,ang,0.0
2025-05-14 11:16:19,12,neutral,0.0,ang,0.6962190270423889
2025-05-14 11:16:20,12,neutral,0.0,ang,0.0
2025-05-14 11:16:21,12,fear,74.31048597755945,ang,0.0
2025-05-14 11:16:22,12,fear,47.652321774044246,ang,0.0
2025-05-14 11:16:23,12,fear,0.0,ang,0.0
2025-05-14 11:16:25,12,neutral,0.0,ang,0.9819719195365906
2025-05-14 11:16:26,12,neutral,0.0,ang,0.0
2025-05-14 11:16:28,12,neutral,66.19831323623657,ang,0.9194140434265137
2025-05-14 11:16:29,12,neutral,74.50338006019592,hap,0.0
2025-05-14 11:16:30,12,neutral,69.61580152699966,hap,0.0
2025-05-14 11:16:31,12,neutral,0.0,hap,0.0
2025-05-14 11:16:33,12,neutral,0.0,hap,0.0
2025-05-14 11:16:34,12,neutral,0.0,hap,0.0
2025-05-14 11:16:35,12,neutral,0.0,hap,0.0
2025-05-14 11:16:37,12,neutral,88.77719640731812,hap,0.8087666034698486
2025-05-14 11:16:38,12,fear,48.555296659469604,neu,0.0
2025-05-14 11:16:40,12,neutral,0.0,neu,0.5000693798065186
2025-05-14 11:16:41,12,neutral,0.0,ang,0.0
2025-05-14 11:16:42,12,neutral,0.0,ang,0.0
2025-05-14 11:16:43,12,neutral,0.0,ang,0.0
2025-05-14 11:16:45,12,neutral,0.0,ang,0.0
2025-05-14 11:16:46,12,neutral,76.31876468658447,ang,0.0
2025-05-14 11:16:48,12,neutral,0.0,ang,0.0
2025-05-14 11:16:49,12,neutral,0.0,ang,0.0
2025-05-14 11:16:51,12,neutral,0.0,ang,0.0
2025-05-14 11:16:52,12,neutral,0.0,ang,0.0
2025-05-14 11:16:53,12,neutral,0.0,ang,0.0
2025-05-14 11:16:55,12,neutral,0.0,ang,0.5818778872489929
2025-05-14 11:16:56,12,neutral,0,ang,0.0
2025-05-14 11:16:58,12,sad,0,ang,0.864742636680603
2025-05-14 11:16:59,12,sad,0,ang,0.0
2025-05-14 11:17:01,12,sad,0,ang,0.5324006080627441
2025-05-14 11:17:02,12,sad,0.0,ang,0.0
2025-05-14 11:17:04,12,sad,46.72687649726868,ang,0.7461676001548767
2025-05-14 11:17:05,12,sad,39.705487472146004,sad,0.0
2025-05-14 11:17:07,12,sad,0.0,sad,0.8259279131889343
2025-05-14 11:17:08,12,neutral,0.0,sad,0.0
2025-05-14 11:17:10,12,sad,65.52602648735046,sad,0.4917309880256653
2025-05-14 11:17:11,12,sad,50.33651594358873,ang,0.0
2025-05-14 11:17:13,12,sad,0.0,ang,0.7436842918395996
2025-05-14 11:17:14,12,sad,0.0,ang,0.0
2025-05-14 11:17:16,12,sad,59.72265601158142,ang,0.9421941637992859
2025-05-14 11:17:17,12,neutral,38.9146625995636,ang,0.0
2025-05-14 11:17:18,12,sad,70.15430749382422,ang,0.0
2025-05-14 11:17:19,12,neutral,48.886290192604065,ang,0.0
2025-05-14 11:17:20,12,sad,0.0,ang,0.0
2025-05-14 11:17:22,12,sad,83.6031973361969,ang,0.9485765695571899
2025-05-14 11:17:23,12,sad,81.20204694283288,hap,0.0
2025-05-14 11:17:25,12,sad,0.0,hap,0.29533857107162476
2025-05-14 11:17:26,12,sad,0.0,sad,0.0
2025-05-14 11:17:28,12,sad,98.81554856115001,sad,0.5416345000267029
2025-05-14 11:17:29,12,sad,99.61907863616943,sad,0.0
2025-05-14 11:17:30,12,sad,99.25301671028137,sad,0.0
2025-05-14 11:17:31,12,sad,0.0,sad,0.0
2025-05-14 11:17:32,12,sad,98.94011629341647,sad,0.0
2025-05-14 11:17:34,12,sad,96.30482792854309,sad,0.5100672245025635
2025-05-14 11:17:35,12,sad,87.75314238630028,hap,0.0
2025-05-14 11:17:37,12,sad,0.0,hap,0.38138073682785034
2025-05-14 11:17:38,12,neutral,0.0,sad,0.0
2025-05-14 11:17:39,12,neutral,0.0,sad,0.0
2025-05-14 11:17:40,12,neutral,0.0,sad,0.0
2025-05-14 11:17:41,12,neutral,97.7903664112091,sad,0.0
2025-05-14 11:17:43,12,neutral,67.35470294952393,sad,0.6490548253059387
2025-05-14 11:17:44,12,neutral,68.84768605232239,ang,0.0
2025-05-14 11:17:45,12,neutral,92.79381036758423,ang,0.0
2025-05-14 11:17:46,12,sad,0.0,ang,0.0
2025-05-14 11:17:48,12,sad,0.0,ang,0.0
2025-05-14 11:17:49,12,neutral,0.0,ang,0.0
2025-05-14 11:17:50,12,neutral,57.15402960777283,ang,0.0
2025-05-14 11:17:52,12,neutral,0.0,ang,0.5313893556594849
2025-05-14 11:17:53,12,sad,0,ang,0.0
2025-05-14 11:17:54,12,sad,0,ang,0.0
2025-05-14 11:17:55,12,neutral,0,ang,0.0
2025-05-14 11:17:56,12,sad,0,ang,0.0
2025-05-14 11:17:58,12,sad,0,ang,0.9598899483680725
2025-05-14 11:17:59,12,sad,0.0,sad,0.0
2025-05-14 11:18:00,12,neutral,74.19353723526001,sad,0.0
2025-05-14 11:18:01,12,neutral,0.0,sad,0.0
2025-05-14 11:18:02,12,sad,0.0,sad,0.0
2025-05-14 11:18:04,12,neutral,56.02942109107971,sad,0.9460940361022949
2025-05-14 11:18:05,12,neutral,81.81697617870427,ang,0.0
2025-05-14 11:18:07,12,neutral,0.0,ang,0.8518689870834351
2025-05-14 11:18:08,12,sad,0.0,sad,0.0
2025-05-14 11:18:10,12,neutral,53.83792519569397,sad,0.8262972235679626
2025-05-14 11:18:11,12,sad,61.89137101173401,sad,0.0
2025-05-14 11:18:12,12,sad,73.35392673933069,sad,0.0
2025-05-14 11:18:13,12,neutral,94.0265175119947,sad,0.0
2025-05-14 11:18:14,12,sad,54.68291640281677,sad,0.0
2025-05-14 11:18:16,12,sad,0.0,sad,0.6678646802902222
2025-05-14 11:18:17,12,neutral,0.0,hap,0.0
2025-05-14 11:18:18,12,neutral,0.0,hap,0.0
2025-05-14 11:18:19,12,neutral,0.0,hap,0.0
2025-05-14 11:18:21,12,neutral,0.0,hap,0.0
2025-05-14 11:18:22,12,neutral,0.0,hap,0.0
2025-05-14 11:18:24,12,sad,0.0,hap,0.0
2025-05-14 11:18:25,12,neutral,64.07458186149597,hap,0.0
2025-05-14 11:18:27,12,fear,0.0,hap,0.0
2025-05-14 11:18:28,12,neutral,0.0,hap,0.0
2025-05-14 11:18:29,12,sad,0.0,hap,0.0
2025-05-14 11:18:31,12,sad,0.0,hap,0.5496774315834045
2025-05-14 11:18:32,12,sad,0.0,sad,0.0
2025-05-14 11:18:34,12,neutral,63.989174365997314,sad,0.7256994247436523
2025-05-14 11:18:35,12,sad,69.78066563606262,ang,0.0
2025-05-14 11:18:37,12,neutral,0.0,ang,0.9144597053527832
2025-05-14 11:18:38,12,sad,0,sad,0.0
2025-05-14 11:18:40,12,neutral,0,sad,0.9952528476715088
2025-05-14 11:18:41,12,sad,0.0,neu,0.0
2025-05-14 11:18:42,12,neutral,0.0,neu,0.0
2025-05-14 11:18:43,12,neutral,0.0,neu,0.0
2025-05-14 11:18:44,12,neutral,0.0,neu,0.0
2025-05-14 11:18:46,12,neutral,98.22177290916443,neu,0.4252704679965973
2025-05-14 11:18:47,12,neutral,71.17695212364197,sad,0.0
2025-05-14 11:18:48,12,neutral,91.80055260658264,sad,0.0
2025-05-14 11:18:49,12,neutral,80.85436110820538,sad,0.0
2025-05-14 11:18:50,12,neutral,0.0,sad,0.0
2025-05-14 11:18:52,12,sad,47.97569513320923,sad,0.8598365187644958
2025-05-14 11:18:53,12,neutral,91.99327230453491,neu,0.0
2025-05-14 11:18:55,12,neutral,0.0,neu,0.3265228271484375
2025-05-14 11:18:56,12,neutral,0.0,sad,0.0
2025-05-14 11:18:57,12,neutral,0.0,sad,0.0
2025-05-14 11:18:58,12,neutral,0.0,sad,0.0
2025-05-14 11:19:00,12,neutral,0.0,sad,0.0
2025-05-14 11:19:01,12,neutral,0.0,sad,0.0
2025-05-14 11:19:02,12,neutral,0.0,sad,0.0
2025-05-14 11:19:04,12,neutral,76.63723826408386,sad,0.623306393623352
2025-05-14 11:19:05,12,neutral,77.52294540405273,hap,0.0
2025-05-14 11:19:07,12,neutral,0.0,hap,0.6043237447738647
2025-05-14 11:19:08,12,neutral,0.0,sad,0.0
2025-05-14 11:19:10,12,sad,54.366326332092285,sad,0.9931305050849915
2025-05-14 11:19:11,12,neutral,81.22881054878235,ang,0.0
2025-05-14 11:19:13,12,neutral,0.0,ang,0.9982932209968567
2025-05-14 11:19:14,12,neutral,0.0,sad,0.0
2025-05-14 11:19:16,12,sad,56.97637283520375,sad,0.9969038367271423
2025-05-14 11:19:17,12,neutral,82.69499746620686,ang,0.0
2025-05-14 11:19:19,12,neutral,0.0,ang,0.9349535703659058
2025-05-14 11:19:20,12,sad,0.0,ang,0.0
2025-05-14 11:19:21,12,neutral,0.0,ang,0.0
2025-05-14 11:19:22,12,sad,0.0,ang,0.0
2025-05-14 11:19:23,12,neutral,0.0,ang,0.0
2025-05-14 11:19:25,12,neutral,59.669649600982666,ang,0.9634835720062256
2025-05-14 11:19:26,12,sad,49.85438883304596,sad,0.0
2025-05-14 11:19:28,12,sad,0.0,sad,0.531880795955658
2025-05-14 11:19:29,12,neutral,0.0,hap,0.0
2025-05-14 11:19:30,12,neutral,0.0,hap,0.0
2025-05-14 11:19:31,12,fear,0.0,hap,0.0
2025-05-14 11:19:32,12,neutral,0.0,hap,0.0
2025-05-14 11:19:34,12,fear,44.49209240031793,hap,0.951063334941864
2025-05-14 11:19:35,12,neutral,68.47791075706482,sad,0.0
2025-05-14 11:19:36,12,neutral,74.1165816783905,sad,0.0
2025-05-14 11:19:37,12,neutral,98.82779717445374,sad,0.0
2025-05-14 11:19:38,12,neutral,0.0,sad,0.0
2025-05-14 11:19:40,12,neutral,94.71847979536533,sad,0.5847048759460449
2025-05-14 11:19:41,12,sad,42.218994630515255,sad,0.0
2025-05-14 11:19:42,12,neutral,90.33803939819336,sad,0.0
2025-05-14 11:19:43,12,neutral,0.0,sad,0.0
2025-05-14 11:19:45,12,neutral,0.0,sad,0.0
2025-05-14 11:19:46,12,neutral,0.0,sad,0.0
2025-05-14 11:19:48,12,neutral,0.0,sad,0.0
2025-05-14 11:19:49,12,neutral,0.0,sad,0.0
2025-05-14 11:19:50,12,neutral,0.0,sad,0.0
2025-05-14 11:19:52,12,neutral,86.49610200501097,sad,0.7459073662757874
2025-05-14 11:19:53,12,neutral,95.03186345100403,hap,0.0
2025-05-14 11:19:54,12,neutral,97.01068365701242,hap,0.0
2025-05-14 11:19:55,12,neutral,98.40805521059366,hap,0.0
2025-05-14 11:19:56,12,sad,0.0,hap,0.0
2025-05-14 11:19:58,12,neutral,0.0,hap,0.5325613021850586
2025-05-14 11:19:59,12,neutral,0.0,ang,0.0
2025-05-14 11:20:00,12,neutral,0.0,ang,0.0
2025-05-14 11:20:01,12,sad,0.0,ang,0.0
2025-05-14 11:20:02,12,sad,0.0,ang,0.0
2025-05-14 11:20:04,12,sad,99.8337149421829,ang,0.9744684100151062
2025-05-14 11:20:05,12,neutral,68.83394122123718,ang,0.0
2025-05-14 11:20:06,12,sad,90.56677222251892,ang,0.0
2025-05-14 11:20:07,12,sad,0.0,ang,0.0
2025-05-14 11:20:08,12,neutral,64.63850736618042,ang,0.0
2025-05-14 11:20:10,12,sad,99.61090683937073,ang,0.6440681219100952
2025-05-14 11:20:11,12,sad,50.029119850940695,sad,0.0
2025-05-14 11:20:13,12,neutral,0.0,sad,0.9610640406608582
2025-05-14 11:20:14,12,sad,0.0,ang,0.0
2025-05-14 11:20:15,12,sad,50.29518607797457,ang,0.0
2025-05-14 11:20:16,12,sad,0.0,ang,0.0
2025-05-14 11:20:18,12,neutral,0.0,ang,0.0
2025-05-14 11:20:19,12,sad,0.0,ang,0.0
2025-05-14 11:20:20,12,neutral,0.0,ang,0.0
2025-05-14 11:20:22,12,sad,51.247841119766235,ang,0.5594924688339233
2025-05-14 11:20:23,12,sad,69.39913034439087,ang,0.0
2025-05-14 11:20:25,12,neutral,0.0,ang,0.7801287770271301
2025-05-14 11:20:26,12,sad,0.0,sad,0.0
2025-05-14 11:20:27,12,sad,0.0,sad,0.0
2025-05-14 11:20:28,12,fear,0.0,sad,0.0
2025-05-14 11:20:29,12,sad,0.0,sad,0.0
2025-05-14 11:20:31,12,sad,93.78480315208435,sad,0.7385572195053101
2025-05-14 11:20:32,12,neutral,64.75188136100769,ang,0.0
2025-05-14 11:20:33,12,neutral,40.379729866981506,ang,0.0
2025-05-14 11:20:34,12,fear,0.0,ang,0.0
2025-05-14 11:20:35,12,fear,99.18112764583496,ang,0.0
2025-05-14 11:20:37,12,angry,55.45781850814819,ang,0.39837098121643066
2025-05-14 11:20:38,12,disgust,50.47984424113299,hap,0.0
2025-05-14 11:20:40,12,sad,0.0,hap,0.9326770305633545
2025-05-14 11:20:41,12,sad,0.0,hap,0.0
2025-05-14 11:20:43,12,neutral,83.91581965496306,hap,0.7766233682632446
2025-05-14 11:20:44,12,neutral,51.46524906158447,hap,0.0
2025-05-14 11:20:46,12,fear,74.9714285169329,hap,0.9927553534507751
2025-05-14 11:20:47,12,fear,88.48903179168701,ang,0.0
2025-05-14 11:20:49,12,fear,68.78352537351545,ang,0.5524517893791199
2025-05-14 11:20:50,12,fear,68.78352537351545,hap,0.0
2025-05-14 11:20:51,12,fear,91.90489053726196,hap,0.0
2025-05-14 11:20:52,12,fear,91.90489053726196,hap,0.0
2025-05-14 11:20:53,12,happy,0.0,hap,0.0
2025-05-14 11:20:55,12,sad,99.00392889976501,hap,0.8485427498817444
2025-05-14 11:20:56,12,happy,90.91755260019868,hap,0.0
2025-05-14 11:20:57,12,neutral,99.38808679580688,hap,0.0
2025-05-14 11:20:58,12,neutral,85.74717044830322,hap,0.0
2025-05-14 11:20:59,12,happy,0.0,hap,0.0
2025-05-14 11:21:01,12,neutral,72.09929061527792,hap,0.838577926158905
2025-05-14 11:21:02,12,neutral,72.09929061527792,hap,0.0
2025-05-14 11:21:04,12,happy,0.0,hap,0.9784272909164429
2025-05-14 11:21:05,12,happy,0,ang,0.0
2025-05-14 11:21:07,12,sad,0,ang,0.5454195737838745
2025-05-14 11:21:08,12,happy,0.0,sad,0.0
2025-05-14 11:21:10,12,happy,97.08714519892392,sad,0.5088496208190918
2025-05-14 11:21:11,12,happy,93.92542802843022,ang,0.0
2025-05-14 11:21:12,12,angry,47.29326665401459,ang,0.0
2025-05-14 11:21:13,12,neutral,0.0,ang,0.0
2025-05-14 11:21:15,12,happy,0.0,ang,0.0
2025-05-14 11:21:16,12,sad,0.0,ang,0.0
2025-05-14 11:21:17,12,fear,0.0,ang,0.0
2025-05-14 11:21:19,12,sad,0.0,ang,0.9710784554481506
2025-05-14 11:21:20,12,sad,79.34192069269172,hap,0.0
2025-05-14 11:21:22,12,fear,92.5551529261561,hap,0.8365442156791687
2025-05-14 11:21:23,12,fear,99.77104663848877,hap,0.0
2025-05-14 11:21:25,12,fear,0.0,hap,0.968302845954895
2025-05-14 11:21:26,12,sad,81.8743158503959,hap,0.0
2025-05-14 11:21:28,12,happy,0.0,hap,0.9479920268058777
2025-05-14 11:21:29,12,fear,0.0,hap,0.0
2025-05-14 11:21:31,12,fear,99.15648698806763,hap,0.8481539487838745
2025-05-14 11:21:32,12,neutral,99.33882351749084,neu,0.0
2025-05-14 11:21:33,12,neutral,87.92624997653067,neu,0.0
2025-05-14 11:21:34,12,fear,0.0,neu,0.0
2025-05-14 11:21:36,12,fear,0.0,neu,0.0
2025-05-14 11:21:37,12,fear,0.0,neu,0.0
2025-05-14 11:21:38,12,fear,98.20381424381563,neu,0.0
2025-05-14 11:21:40,12,fear,98.20381424381563,neu,0.6332811117172241
2025-05-14 11:21:41,12,fear,98.20381424381563,hap,0.0
2025-05-14 11:21:42,12,happy,99.99604225158691,hap,0.0
2025-05-14 11:21:43,12,happy,0.0,hap,0.0
2025-05-14 11:21:44,12,happy,0.0,hap,0.0
2025-05-14 11:21:46,12,happy,99.58567616854168,hap,0.9625884294509888
2025-05-14 11:21:47,12,happy,99.33314919471741,neu,0.0
2025-05-14 11:21:48,12,happy,100.0,neu,0.0
2025-05-14 11:21:49,12,fear,0.0,neu,0.0
2025-05-14 11:21:51,12,happy,0.0,neu,0.0
2025-05-14 11:21:52,12,fear,0.0,neu,0.0
2025-05-14 11:21:53,12,happy,0.0,neu,0.0
2025-05-14 11:21:55,12,angry,47.157296538352966,neu,0.6514248251914978
2025-05-14 11:21:56,12,happy,96.2561309337616,neu,0.0
2025-05-14 11:21:58,12,happy,96.2561309337616,neu,0.6009137034416199
2025-05-14 11:21:59,12,happy,99.43516261158435,ang,0.0
2025-05-14 11:22:01,12,happy,0.0,ang,0.528544545173645
2025-05-14 11:22:02,12,happy,0,sad,0.0
2025-05-14 11:22:04,12,happy,0,sad,0.7189094424247742
2025-05-14 11:22:05,12,happy,0.0,neu,0.0
2025-05-14 11:22:06,12,happy,0.0,neu,0.0
2025-05-14 11:22:07,12,happy,0.0,neu,0.0
2025-05-14 11:22:09,12,neutral,0.0,neu,0.0
2025-05-14 11:22:10,12,sad,0.0,neu,0.0
2025-05-14 11:22:11,12,sad,0.0,neu,0.0
2025-05-14 11:22:13,12,sad,78.86011944533819,neu,0.7722405195236206
2025-05-14 11:22:14,12,happy,50.19078850746155,ang,0.0
2025-05-14 11:22:15,12,happy,53.929137715204035,ang,0.0
2025-05-14 11:22:16,12,happy,81.46210312843323,ang,0.0
2025-05-14 11:22:17,12,neutral,82.9400897026062,ang,0.0
2025-05-14 11:22:19,12,happy,70.43350338935852,ang,0.645796537399292
2025-05-14 11:22:20,12,happy,51.35686993598938,hap,0.0
2025-05-14 11:22:22,12,happy,0.0,hap,0.7408894300460815
